File name,File type,Pages,From page,To page,Original file name
84913458_ORG_6cjcqockr0ct4f5nh9dykw00000000.PDF,ORIG,,1,,
84913458_SC_INVOICE_ktj+4srcuuispx5leqcyow00000000.PDF,INVOICE,1,1,1,84913458_ORG_6cjcqockr0ct4f5nh9dykw00000000.PDF
84913458_SC_INVOICE_u4syxoynn0qxdqqvml6rmq00000000.PDF,INVOICE,1,2,2,84913458_ORG_6cjcqockr0ct4f5nh9dykw00000000.PDF
82911089_ORG_2jhkubl9502gy7zfcsnr8a00000000.PDF,ORIG,,1,,
82911089_SC_OTHER_vwqnq1uwkuimeqynf0b8bw00000000.PDF,OTHER,2,1,2,82911089_ORG_2jhkubl9502gy7zfcsnr8a00000000.PDF
82912289_ORG_t7q+rglis0u6wqoyy1sehw00000000.PDF,ORIG,,1,,
82912289_SC_OTHER_jfoaaaocfucbvatg9t6r4q00000000.PDF,OTHER,5,1,5,82912289_ORG_t7q+rglis0u6wqoyy1sehw00000000.PDF
82913473_ORG_l8xetqpqou+ijlkdvwknag00000000.PDF,ORIG,,1,,
82913473_SC_INVOICE_mtrv8_o46e6jqnqa6vyxgq00000000.PDF,INVOICE,1,1,1,82913473_ORG_l8xetqpqou+ijlkdvwknag00000000.PDF
82913473_SC_PACKING LIST_s4lsapx4eemytezlpz0cya00000000.PDF,PACKING LIST,1,2,2,82913473_ORG_l8xetqpqou+ijlkdvwknag00000000.PDF
82912850_ORG_oosrw2qejuqxo_ljxi5ozq00000000.PDF,ORIG,,1,,
82912850_SC_OTHER_zcsayd0vyumvyso1hfko9w00000000.PDF,OTHER,4,1,4,82912850_ORG_oosrw2qejuqxo_ljxi5ozq00000000.PDF
82912781_ORG_x62lyjbobuegggf9zjbitq00000000.PDF,ORIG,,1,,
82912781_SC_OTHER_fxrw7ntfmeibt4fstv60yg00000000.PDF,OTHER,5,1,5,82912781_ORG_x62lyjbobuegggf9zjbitq00000000.PDF
82912754_ORG_vj131ronqegnygww7hvksw00000000.PDF,ORIG,,1,,
82912754_SC_OTHER_mqjhdvnb2eovnpa4ajxxba00000000.PDF,OTHER,3,1,3,82912754_ORG_vj131ronqegnygww7hvksw00000000.PDF
82912626_ORG_+gkz+kbjfkiuo6xdnt8dyg00000000.PDF,ORIG,,1,,
82912626_SC_OTHER_xemedc5+ukixtmgkzli2jg00000000.PDF,OTHER,4,1,4,82912626_ORG_+gkz+kbjfkiuo6xdnt8dyg00000000.PDF
84913434_ORG_o2ynk3whzeav3jp3obbj0w00000000.PDF,ORIG,,1,,
84913434_SC_INVOICE_ceosptcq9usoh+7mxtj6jq00000000.PDF,INVOICE,1,1,1,84913434_ORG_o2ynk3whzeav3jp3obbj0w00000000.PDF
84913434_SC_INVOICE_n7ae7qtohekps3ddlzabxw00000000.PDF,INVOICE,1,2,2,84913434_ORG_o2ynk3whzeav3jp3obbj0w00000000.PDF
84913434_SC_INVOICE_ybeeq4ls_0+htgq1jkkmbw00000000.PDF,INVOICE,2,3,4,84913434_ORG_o2ynk3whzeav3jp3obbj0w00000000.PDF
82910647_ORG_ral6j0kjnkehl3iwx4fz7w00000000.PDF,ORIG,,1,,
82910647_SC_OTHER_qsewocu6xuy48zod5f9poq00000000.PDF,OTHER,2,1,2,82910647_ORG_ral6j0kjnkehl3iwx4fz7w00000000.PDF
82913203_ORG_bt7yecsyt0eegdij2gf+wg00000000.PDF,ORIG,3,1,3,
82913203_SC_BOL_cfdbfgerm0ggpskwvyncwg00000000.PDF,BOL,1,1,1,82913203_ORG_bt7yecsyt0eegdij2gf+wg00000000.PDF
82913203_SC_INVOICE_tdkzlxzxz0ck52tsaqilda00000000.PDF,INVOICE,1,2,2,82913203_ORG_bt7yecsyt0eegdij2gf+wg00000000.PDF
82913203_SC_PACKING LIST_x6ygycg1tewfbirldvpayw00000000.PDF,PACKING LIST,1,3,3,82913203_ORG_bt7yecsyt0eegdij2gf+wg00000000.PDF
82912856_ORG_pmr77obwouwyeixj9apwoq00000000.PDF,ORIG,3,1,3,
82912856_SC_BOL_7iuzjvr1quspnqcdiifvtw00000000.PDF,BOL,1,1,1,82912856_ORG_pmr77obwouwyeixj9apwoq00000000.PDF
82912856_SC_INVOICE__1fv1wikqeopz9ncbhh8pa00000000.PDF,INVOICE,1,2,2,82912856_ORG_pmr77obwouwyeixj9apwoq00000000.PDF
82912856_SC_PACKING LIST_thq94rfigkgbytqzvehfta00000000.PDF,PACKING LIST,1,3,3,82912856_ORG_pmr77obwouwyeixj9apwoq00000000.PDF
84913264_ORG_kw7iwjvsokueonzpmaer5g00000000.PDF,ORIG,,1,,
84913264_SC_BOL_uyyxxpcd60cvv5evelkn0q00000000.PDF,BOL,1,1,1,84913264_ORG_kw7iwjvsokueonzpmaer5g00000000.PDF
84913264_ORG_0mlgdjo2x0ayjvurdno3bq00000000.PDF,ORIG,,1,,
84913264_SC_INVOICE_wesha08gpusuo+qsbahptq00000000.PDF,INVOICE,2,1,2,84913264_ORG_0mlgdjo2x0ayjvurdno3bq00000000.PDF
84913264_ORG_cvncrirh6k25mfvhfqoj7a00000000.PDF,ORIG,,1,,
84913264_SC_PACKING LIST_r2noscvgekc2wjauwekpkg00000000.PDF,PACKING LIST,1,1,1,84913264_ORG_cvncrirh6k25mfvhfqoj7a00000000.PDF
84913477_ORG_qm_ri9gbv0oez_jjmxysjq00000000.PDF,ORIG,,1,,
84913477_SC_BOL_semldxo9n0specy48ckujg00000000.PDF,BOL,1,1,1,84913477_ORG_qm_ri9gbv0oez_jjmxysjq00000000.PDF
84913477_ORG_drrtfpse6ecujgkvflftcq00000000.PDF,ORIG,,1,,
84913477_SC_INVOICE_kfjgprnvvk2340hxhyewfg00000000.PDF,INVOICE,3,1,3,84913477_ORG_drrtfpse6ecujgkvflftcq00000000.PDF
84913477_ORG_daanne3gtkmhplatpxbk1a00000000.PDF,ORIG,,1,,
84913477_SC_PACKING LIST_hgyxc9rbeuujtt+selybhw00000000.PDF,PACKING LIST,1,1,1,84913477_ORG_daanne3gtkmhplatpxbk1a00000000.PDF
84913475_ORG_aixv5fdt80ijam7oisjwdg00000000.PDF,ORIG,,1,,
84913475_SC_BOL_fsvybrgepue9whp7vuswia00000000.PDF,BOL,1,1,1,84913475_ORG_aixv5fdt80ijam7oisjwdg00000000.PDF
84913475_ORG_uut69xxv60c4w4tbbwpdqa00000000.PDF,ORIG,,1,,
84913475_SC_INVOICE_vozh5xxjfkoy9q_9dvr9qq00000000.PDF,INVOICE,3,1,3,84913475_ORG_uut69xxv60c4w4tbbwpdqa00000000.PDF
84913475_ORG_ph7hs8mbm0ievoxh4f1wsq00000000.PDF,ORIG,,1,,
84913475_SC_PACKING LIST_9qrxgv+h9ecbnkiwe0ldqg00000000.PDF,PACKING LIST,1,1,1,84913475_ORG_ph7hs8mbm0ievoxh4f1wsq00000000.PDF
84913433_ORG_+rq+vjnl8kwgzwdria_dyg00000000.PDF,ORIG,,1,,
84913433_SC_INVOICE_ulkbivw210i0jvjhzcxyug00000000.PDF,INVOICE,2,1,2,84913433_ORG_+rq+vjnl8kwgzwdria_dyg00000000.PDF
84913433_SC_INVOICE_h87+ut52ces5qvhm4+gb5q00000000.PDF,INVOICE,1,3,3,84913433_ORG_+rq+vjnl8kwgzwdria_dyg00000000.PDF
84913433_SC_INVOICE_zhdjtdlqtekh+zzp0sg6rq00000000.PDF,INVOICE,1,4,4,84913433_ORG_+rq+vjnl8kwgzwdria_dyg00000000.PDF
81910580_ORG_kneq+b9uv0unjpaqb_r4ma00000000.PDF,ORIG,,1,,
81910580_SC_OTHER__qv__2alqeumondoy7wtsq00000000.PDF,OTHER,2,1,2,81910580_ORG_kneq+b9uv0unjpaqb_r4ma00000000.PDF
81910201_ORG_igapva87zuc_jnjyvd3teg00000000.PDF,ORIG,,1,,
81910201_SC_OTHER_q_xxak3jxeym4tdizv9lrq00000000.PDF,OTHER,1,1,1,81910201_ORG_igapva87zuc_jnjyvd3teg00000000.PDF
82912035_ORG_8uuuruoabugrkzqye6j0uw00000000.PDF,ORIG,,1,,
82912035_SC_OTHER_5yvrprihdes6xyri_qym5a00000000.PDF,OTHER,1,1,1,82912035_ORG_8uuuruoabugrkzqye6j0uw00000000.PDF
81906531_ORG_qrjujq26fk2z5ce9okrmsa00000000.PDF,ORIG,,1,,
81906531_SC_OTHER_wnfxm31ufkua0my7emsrla00000000.PDF,OTHER,2,1,2,81906531_ORG_qrjujq26fk2z5ce9okrmsa00000000.PDF
82909375_ORG_wqgfwol_s02zrhjxenocew00000000.PDF,ORIG,,1,,
82909375_SC_OTHER_jv6edm6mpkiydd_zpq0lew00000000.PDF,OTHER,1,2,2,82909375_ORG_wqgfwol_s02zrhjxenocew00000000.PDF
82911080_ORG_7jrusokvd0kdkmpaphmjaw00000000.PDF,ORIG,,1,,
82911080_SC_OTHER_+vc8k5y2kumk6pq+okkrxa00000000.PDF,OTHER,2,1,2,82911080_ORG_7jrusokvd0kdkmpaphmjaw00000000.PDF
82913506_ORG_6zcwinh9wegf3ddyso+uca00000000.PDF,ORIG,,1,,
82913506_SC_INVOICE_dra7ysi08esc+_6aey+atq00000000.PDF,INVOICE,1,1,1,82913506_ORG_6zcwinh9wegf3ddyso+uca00000000.PDF
82912675_ORG_3yvqu2ekp0klvg3w5hpvhg00000000.PDF,ORIG,,1,,
82912675_SC_OTHER_w4omtxqz90icz+l06rr6za00000000.PDF,OTHER,1,1,1,82912675_ORG_3yvqu2ekp0klvg3w5hpvhg00000000.PDF
81913066_ORG_arjaxl6j50eny86zkmqrew00000000.PDF,ORIG,,1,,
81913066_SC_OTHER_xrz8lzsvekoxijqxlgzv3g00000000.PDF,OTHER,1,1,1,81913066_ORG_arjaxl6j50eny86zkmqrew00000000.PDF
82912420_ORG_4wpmsna5cu2uie82k2hl+q00000000.PDF,ORIG,,1,,
82912420_SC_BOL_erlftkiygu+bmwpq1dnlna00000000.PDF,BOL,1,1,1,82912420_ORG_4wpmsna5cu2uie82k2hl+q00000000.PDF
82912420_SC_INVOICE_9lremzh2i0e1a2lu32x3fq00000000.PDF,INVOICE,2,2,3,82912420_ORG_4wpmsna5cu2uie82k2hl+q00000000.PDF
82912420_SC_PACKING LIST_xlha9om1euaerwaqawjtca00000000.PDF,PACKING LIST,2,4,5,82912420_ORG_4wpmsna5cu2uie82k2hl+q00000000.PDF
82912420_SC_OTHER_eb6ewytloeqff2jkygfn8a00000000.PDF,OTHER,2,14,15,82912420_ORG_4wpmsna5cu2uie82k2hl+q00000000.PDF
82908805_ORG_bh0hnbvp4e+hw+kikjl82w00000000.PDF,ORIG,,1,,
82908805_SC_OTHER_igwums8mqk6vtai+uye4fa00000000.PDF,OTHER,1,1,1,82908805_ORG_bh0hnbvp4e+hw+kikjl82w00000000.PDF
82911073_ORG_ifegpo6pe0at5_s_i4e1+q00000000.PDF,ORIG,,1,,
82911073_SC_OTHER_hlg_bkjn+0qtr6w4s6_w2g00000000.PDF,OTHER,2,1,2,82911073_ORG_ifegpo6pe0at5_s_i4e1+q00000000.PDF
82911089_ORG_h3syr4f5juw+atncdkocig00000000.PDF,ORIG,,1,,
82911089_SC_OTHER_2ghuliyjjkqnksmnbc7pnw00000000.PDF,OTHER,2,1,2,82911089_ORG_h3syr4f5juw+atncdkocig00000000.PDF
82911080_ORG_1kvbimntiesbpcuioruabq00000000.PDF,ORIG,,1,,
82911080_SC_OTHER_gbd6tsn4l0wgmtqyamqbra00000000.PDF,OTHER,2,1,2,82911080_ORG_1kvbimntiesbpcuioruabq00000000.PDF
82912897_ORG_4urpeo1uzucgqbijdqi2cg00000000.PDF,ORIG,,1,,
82912897_SC_OTHER_neij9z+acuap5hutdvsk7w00000000.PDF,OTHER,1,2,2,82912897_ORG_4urpeo1uzucgqbijdqi2cg00000000.PDF
84913496_ORG_harh2_n6ouumfpnj9dksew00000000.PDF,ORIG,,1,,
84913496_SC_BOL_nppqlxvdyeyfmiuxb+nvqg00000000.PDF,BOL,1,1,1,84913496_ORG_harh2_n6ouumfpnj9dksew00000000.PDF
84913496_SC_INVOICE_ndivtista0yhgs0dmwrtkq00000000.PDF,INVOICE,2,2,3,84913496_ORG_harh2_n6ouumfpnj9dksew00000000.PDF
84913508_ORG_njdndjmalkwl6matgvws6a00000000.PDF,ORIG,,1,,
84913508_SC_INVOICE_d1koc3xc+uoxb2tadxiqww00000000.PDF,INVOICE,4,1,4,84913508_ORG_njdndjmalkwl6matgvws6a00000000.PDF
84913508_ORG_lcqn_fliokepkskpmjkn8q00000000.PDF,ORIG,,1,,
84913508_SC_BOL_gjvynv_a8eu6r0ay6avvia00000000.PDF,BOL,1,1,1,84913508_ORG_lcqn_fliokepkskpmjkn8q00000000.PDF
81911827_ORG_jmriwjpbnkcg5rkl1apuja00000000.PDF,ORIG,,1,,
81911827_SC_OTHER_spr9hvovsuoopbuxjfx3la00000000.PDF,OTHER,2,1,2,81911827_ORG_jmriwjpbnkcg5rkl1apuja00000000.PDF
84913509_ORG_xk_3rdijgu227h4htu+o4a00000000.PDF,ORIG,,1,,
84913509_SC_INVOICE_epa0kuxnteklamwmiwli2a00000000.PDF,INVOICE,5,1,5,84913509_ORG_xk_3rdijgu227h4htu+o4a00000000.PDF
84913509_ORG_mih6fqtdluwffzno+_agjq00000000.PDF,ORIG,,1,,
84913509_SC_BOL_gmgnevjn90idencaij8iiw00000000.PDF,BOL,1,1,1,84913509_ORG_mih6fqtdluwffzno+_agjq00000000.PDF
84913510_ORG_bgwv4bp7qkayqna+bept7a00000000.PDF,ORIG,,1,,
84913510_SC_BOL_mflpmuylkesh8ppbep05za00000000.PDF,BOL,1,1,1,84913510_ORG_bgwv4bp7qkayqna+bept7a00000000.PDF
84913510_ORG_2xsakwwbpumdc1om0n3wlg00000000.PDF,ORIG,,1,,
84913510_SC_INVOICE_osr4tcjgrks1qfynoh8s9w00000000.PDF,INVOICE,8,1,8,84913510_ORG_2xsakwwbpumdc1om0n3wlg00000000.PDF
84913513_ORG_gzkooudzw0ikguo3ntrncq00000000.PDF,ORIG,,1,,
84913513_SC_BOL_bz+j5xmfg0ejtroucqoxhw00000000.PDF,BOL,1,1,1,84913513_ORG_gzkooudzw0ikguo3ntrncq00000000.PDF
82912895_ORG_j6nprt7dlecy4flklvj3fg00000000.PDF,ORIG,,1,,
82912895_SC_OTHER_ykwbbhwulkcdtlfonroqig00000000.PDF,OTHER,1,2,2,82912895_ORG_j6nprt7dlecy4flklvj3fg00000000.PDF
84913504_ORG_yjl8fesdtkwjanevaw9cma00000000.PDF,ORIG,,1,,
84913504_SC_BOL_hnucssuhqu2+dqcigwxnwa00000000.PDF,BOL,1,1,1,84913504_ORG_yjl8fesdtkwjanevaw9cma00000000.PDF
84913504_ORG_wyrganxrjkkuu_baznkzsq00000000.PDF,ORIG,,1,,
84913504_SC_INVOICE_bbv6c0t0tu2d6uvzdevbwq00000000.PDF,INVOICE,3,1,3,84913504_ORG_wyrganxrjkkuu_baznkzsq00000000.PDF
84913504_ORG_en40es4poumprjrptfzrca00000000.PDF,ORIG,,1,,
84913504_SC_PACKING LIST_nh2ywn3vdui9g4jwzwugww00000000.PDF,PACKING LIST,1,1,1,84913504_ORG_en40es4poumprjrptfzrca00000000.PDF
84913478_ORG_aevf0mzo9uuommcw3se4bg00000000.PDF,ORIG,,1,,
84913478_SC_BOL_rhnkwf0jwuicokp1z1qqkw00000000.PDF,BOL,1,1,1,84913478_ORG_aevf0mzo9uuommcw3se4bg00000000.PDF
84913478_ORG_hbjuslnavuwrtavhhucayw00000000.PDF,ORIG,,1,,
84913478_SC_INVOICE_lg891f8y40sylhsxa4orww00000000.PDF,INVOICE,5,1,5,84913478_ORG_hbjuslnavuwrtavhhucayw00000000.PDF
84913478_ORG_90bn+7c830mmqhg5_9f9jw00000000.PDF,ORIG,,1,,
84913478_SC_PACKING LIST_gfehmdbsbemm5l_43fi8hg00000000.PDF,PACKING LIST,1,1,1,84913478_ORG_90bn+7c830mmqhg5_9f9jw00000000.PDF
82912278_ORG_5tozyqi4zke4ycosiduwga00000000.PDF,ORIG,,1,,
82912278_SC_BOL_huwhqots_kun80d5ziopmq00000000.PDF,BOL,2,1,2,82912278_ORG_5tozyqi4zke4ycosiduwga00000000.PDF
82912278_SC_INVOICE_j7lzl5ijluowun7vkleudq00000000.PDF,INVOICE,1,3,3,82912278_ORG_5tozyqi4zke4ycosiduwga00000000.PDF
82912278_SC_INVOICE_rzcbziywmuafazqyhgavlq00000000.PDF,INVOICE,1,4,4,82912278_ORG_5tozyqi4zke4ycosiduwga00000000.PDF
82912278_SC_OTHER_dy0hkearbkwpimerf39tcw00000000.PDF,OTHER,1,5,5,82912278_ORG_5tozyqi4zke4ycosiduwga00000000.PDF
82912278_SC_OTHER_ndrj6let50oim1ekoboadq00000000.PDF,OTHER,2,6,7,82912278_ORG_5tozyqi4zke4ycosiduwga00000000.PDF
82913398_ORG_bzq3ntv1neaarkhidphpgg00000000.PDF,ORIG,,1,,
82913398_SC_OTHER_xi0fx_yjtugo23qxjibvla00000000.PDF,OTHER,1,1,1,82913398_ORG_bzq3ntv1neaarkhidphpgg00000000.PDF
82911692_ORG_philkcwr5kqdbvml+bahtw00000000.PDF,ORIG,,1,,
82911692_SC_OTHER_oyxhyhcb0e6iknpevpcnrg00000000.PDF,OTHER,2,1,2,82911692_ORG_philkcwr5kqdbvml+bahtw00000000.PDF
81911969_ORG_yesjh1cxle6m9_yxoc0kzg00000000.PDF,ORIG,,1,,
81911969_SC_OTHER_4mcj22awf0y3kjmle9+6cg00000000.PDF,OTHER,2,1,2,81911969_ORG_yesjh1cxle6m9_yxoc0kzg00000000.PDF
82911678_ORG_+cr3y10epkkzwiqoo1mhtq00000000.PDF,ORIG,,1,,
82911678_SC_OTHER_ye_hb0jl1kaatljqr_teeg00000000.PDF,OTHER,2,1,2,82911678_ORG_+cr3y10epkkzwiqoo1mhtq00000000.PDF
82910905_ORG_l30ndzgxxu+6msms25thia00000000.PDF,ORIG,,1,,
82910905_SC_OTHER_fjxgohl8y0otv9alspdeow00000000.PDF,OTHER,1,1,1,82910905_ORG_l30ndzgxxu+6msms25thia00000000.PDF
82912569_ORG_r4vnvbsz7umvxmcrfwh8zq00000000.PDF,ORIG,,1,,
82912569_SC_INVOICE_2rmyqugiwkkmx1puwzmtka00000000.PDF,INVOICE,2,1,2,82912569_ORG_r4vnvbsz7umvxmcrfwh8zq00000000.PDF
82912569_SC_BOL_l9rr8gisf02kk_ksilz4eg00000000.PDF,BOL,1,3,3,82912569_ORG_r4vnvbsz7umvxmcrfwh8zq00000000.PDF
84913522_ORG_0kjn9p7ee0y6b2bewe87kw00000000.PDF,ORIG,,1,,
84913522_SC_BOL_eqvorjcyr0od5sptursjja00000000.PDF,BOL,2,1,2,84913522_ORG_0kjn9p7ee0y6b2bewe87kw00000000.PDF
84913524_ORG_jok6t3oav0ws3rcezb90ig00000000.PDF,ORIG,,1,,
84913524_SC_INVOICE_nwcctntldkmff566zsjusg00000000.PDF,INVOICE,4,1,4,84913524_ORG_jok6t3oav0ws3rcezb90ig00000000.PDF
84913524_ORG_vo73wlnbzksk925ykyf1iq00000000.PDF,ORIG,,1,,
84913524_SC_BOL_9lcm9tldjeo3atbm60eghw00000000.PDF,BOL,1,1,1,84913524_ORG_vo73wlnbzksk925ykyf1iq00000000.PDF
84913522_ORG_9uq1uxxxruqil07xgzhcyg00000000.PDF,ORIG,,1,,
84913522_SC_INVOICE_1wa4dp12+ecellaervdmdq00000000.PDF,INVOICE,2,1,2,84913522_ORG_9uq1uxxxruqil07xgzhcyg00000000.PDF
84913525_ORG_nmtxo31e9uylvtohpb+rha00000000.PDF,ORIG,,1,,
84913525_SC_INVOICE_1xghmhfrheco2xijphfmea00000000.PDF,INVOICE,5,1,5,84913525_ORG_nmtxo31e9uylvtohpb+rha00000000.PDF
84913525_ORG_x81dohwptec3ln9bh6ll0a00000000.PDF,ORIG,,1,,
84913525_SC_BOL_f9132ekdze2cogfzizadka00000000.PDF,BOL,1,1,1,84913525_ORG_x81dohwptec3ln9bh6ll0a00000000.PDF
82912370_ORG_rkqxspknqk6ek59s6loswa00000000.PDF,ORIG,,1,,
82912370_SC_INVOICE_helzvx0eh0uf7o_zabf3vq00000000.PDF,INVOICE,4,1,4,82912370_ORG_rkqxspknqk6ek59s6loswa00000000.PDF
82912370_SC_BOL_dxp17hsvc0kpf8kst0h1uq00000000.PDF,BOL,1,5,5,82912370_ORG_rkqxspknqk6ek59s6loswa00000000.PDF
82912435_ORG_oh4+wcqs3e+ahhkvkgsqnw00000000.PDF,ORIG,,1,,
82912435_SC_INVOICE_smeqjizwoeoxmjzq9kft1q00000000.PDF,INVOICE,2,1,2,82912435_ORG_oh4+wcqs3e+ahhkvkgsqnw00000000.PDF
82912435_SC_BOL_oy5ssg1b4kmwyvfnce9qoq00000000.PDF,BOL,1,3,3,82912435_ORG_oh4+wcqs3e+ahhkvkgsqnw00000000.PDF
82912400_ORG_6qfw0yof306gjka6uzbdsq00000000.PDF,ORIG,,1,,
82912400_SC_INVOICE_o_zbhazh3ko61ypievz4cg00000000.PDF,INVOICE,2,1,2,82912400_ORG_6qfw0yof306gjka6uzbdsq00000000.PDF
82912400_SC_BOL_ylhct0pgruoeb7dbwwolfw00000000.PDF,BOL,1,3,3,82912400_ORG_6qfw0yof306gjka6uzbdsq00000000.PDF
82912558_ORG_sqpunkopkkozmeo6tt_3na00000000.PDF,ORIG,,1,,
82912558_SC_INVOICE_hts8oiikleioto2xvrrntg00000000.PDF,INVOICE,2,1,2,82912558_ORG_sqpunkopkkozmeo6tt_3na00000000.PDF
82912558_SC_BOL_3bni9cb_eewcu+ke4n+gza00000000.PDF,BOL,1,3,3,82912558_ORG_sqpunkopkkozmeo6tt_3na00000000.PDF
82912566_ORG_nm5etr3jgucui6ahth1eba00000000.PDF,ORIG,,1,,
82912566_SC_INVOICE_o+d+vco7cuy+bv8atryw4g00000000.PDF,INVOICE,2,1,2,82912566_ORG_nm5etr3jgucui6ahth1eba00000000.PDF
82912566_SC_BOL_upf16eggjuwzwe1i8lsppa00000000.PDF,BOL,1,3,3,82912566_ORG_nm5etr3jgucui6ahth1eba00000000.PDF
84913512_ORG_+ttlujkjfkwz1t_suz30rq00000000.PDF,ORIG,,1,,
84913512_SC_PACKING LIST_az+gbbpkbkut0qquiyb37a00000000.PDF,PACKING LIST,4,1,4,84913512_ORG_+ttlujkjfkwz1t_suz30rq00000000.PDF
84913512_SC_INVOICE_xvubtefhxemwd8ga8qemeg00000000.PDF,INVOICE,4,5,8,84913512_ORG_+ttlujkjfkwz1t_suz30rq00000000.PDF
84913526_ORG_qnkw8has5eot+o1jsycwmw00000000.PDF,ORIG,,1,,
84913526_SC_BOL_xojjp5gwk0ososmqntmava00000000.PDF,BOL,1,1,1,84913526_ORG_qnkw8has5eot+o1jsycwmw00000000.PDF
84913526_SC_INVOICE_jojy9hvrjugddlmk4k08nq00000000.PDF,INVOICE,1,2,2,84913526_ORG_qnkw8has5eot+o1jsycwmw00000000.PDF
81912166_ORG_d4lvfhi6tkstbhu_gbkryq00000000.PDF,ORIG,,1,,
81912166_SC_OTHER_u1grn_ioqk+fzyjydozo0q00000000.PDF,OTHER,1,1,1,81912166_ORG_d4lvfhi6tkstbhu_gbkryq00000000.PDF
84913532_ORG_ldnu04jqw0aq3swjwlr0ba00000000.PDF,ORIG,,1,,
84913532_SC_BOL_9umghvs7pe2miw5wlqh3nq00000000.PDF,BOL,1,1,1,84913532_ORG_ldnu04jqw0aq3swjwlr0ba00000000.PDF
84913532_SC_INVOICE_6st_2qztz0quwrcikphi3w00000000.PDF,INVOICE,1,2,2,84913532_ORG_ldnu04jqw0aq3swjwlr0ba00000000.PDF
84913532_SC_INVOICE_ygk0jkw9c0yvyhgjpdza8q00000000.PDF,INVOICE,1,3,3,84913532_ORG_ldnu04jqw0aq3swjwlr0ba00000000.PDF
84913532_SC_INVOICE_zkkegnge2uuwtjklwbe1ga00000000.PDF,INVOICE,1,4,4,84913532_ORG_ldnu04jqw0aq3swjwlr0ba00000000.PDF
82913013_ORG_wptuqw3i1kos7ushhlzu2q00000000.PDF,ORIG,3,1,3,
82913013_SC_BOL_rjeq+ctig0mjlj374kzkqa00000000.PDF,BOL,1,1,1,82913013_ORG_wptuqw3i1kos7ushhlzu2q00000000.PDF
82913013_SC_INVOICE_wwneeelqiks1ps3rv0ejiw00000000.PDF,INVOICE,1,2,2,82913013_ORG_wptuqw3i1kos7ushhlzu2q00000000.PDF
82913013_SC_PACKING LIST_vyww6wcnf0sjluc_2mylqa00000000.PDF,PACKING LIST,1,3,3,82913013_ORG_wptuqw3i1kos7ushhlzu2q00000000.PDF
81907600_ORG_yu3axrmze0ugyzy00oxh_q00000000.PDF,ORIG,,1,,
81907600_SC_OTHER_kjskmzeegeqizdare_w12w00000000.PDF,OTHER,2,1,2,81907600_ORG_yu3axrmze0ugyzy00oxh_q00000000.PDF
82910161_ORG_0vhkyeexhuodahhgphikgg00000000.PDF,ORIG,,1,,
82910161_SC_OTHER_jcu5kpza1eeluqlfows5lw00000000.PDF,OTHER,2,1,2,82910161_ORG_0vhkyeexhuodahhgphikgg00000000.PDF
84913535_ORG_mf1+pxf2x0ek84meyholrg00000000.PDF,ORIG,,1,,
84913535_SC_BOL_pksszwbm+kyqeaiqylanma00000000.PDF,BOL,1,1,1,84913535_ORG_mf1+pxf2x0ek84meyholrg00000000.PDF
84913535_SC_INVOICE_vmm9iy+wbe+fmpdwmfofia00000000.PDF,INVOICE,1,2,2,84913535_ORG_mf1+pxf2x0ek84meyholrg00000000.PDF
82910164_ORG_pez3n3fnm0+xifgbdycrjg00000000.PDF,ORIG,,1,,
82910164_SC_OTHER_eq3nxb_tyeikmeictxf4bw00000000.PDF,OTHER,2,1,2,82910164_ORG_pez3n3fnm0+xifgbdycrjg00000000.PDF
82910163_ORG_veamu2fmveo1_dki4nkydg00000000.PDF,ORIG,,1,,
82910163_SC_OTHER_uiixpbgiy0urew3sktkwnq00000000.PDF,OTHER,2,1,2,82910163_ORG_veamu2fmveo1_dki4nkydg00000000.PDF
82909308_ORG_lrgpwvjmguc+nldqj3wyua00000000.PDF,ORIG,,1,,
82909308_SC_OTHER_zwjc0hakmugpzgikrnvhda00000000.PDF,OTHER,1,1,1,82909308_ORG_lrgpwvjmguc+nldqj3wyua00000000.PDF
82910910_ORG__rg2j65ydkoejmjk0xrxlg00000000.PDF,ORIG,,1,,
82910910_SC_OTHER_cf32hnagokeg7k7xr+rleq00000000.PDF,OTHER,1,1,1,82910910_ORG__rg2j65ydkoejmjk0xrxlg00000000.PDF
81913366_ORG_mxc_ym0+j0kgnmyx2leb1q00000000.PDF,ORIG,,1,,
81913366_SC_OTHER_h6orwyth0eu6h4cmj6gjig00000000.PDF,OTHER,2,1,2,81913366_ORG_mxc_ym0+j0kgnmyx2leb1q00000000.PDF
82912486_ORG_gqak7icznuogzww0bp2jpa00000000.PDF,ORIG,7,1,7,
82912486_SC_BOL_1xthw63sjua_ypud08lu7w00000000.PDF,BOL,1,4,4,82912486_ORG_gqak7icznuogzww0bp2jpa00000000.PDF
82912486_SC_INVOICE_ugi6+bybfeixm+heuigftq00000000.PDF,INVOICE,1,5,5,82912486_ORG_gqak7icznuogzww0bp2jpa00000000.PDF
82912486_SC_PACKING LIST_tbxxxpgaoeczumj0zobffa00000000.PDF,PACKING LIST,2,6,7,82912486_ORG_gqak7icznuogzww0bp2jpa00000000.PDF
81913545_ORG_uhy0jb0ahkudvgbxrxzyxa00000000.PDF,ORIG,,1,,
81913545_SC_BOL_apqedfnftei6+khtd5zlhg00000000.PDF,BOL,1,1,1,81913545_ORG_uhy0jb0ahkudvgbxrxzyxa00000000.PDF
81913545_SC_INVOICE_e7dajffps0iku_0xesoglg00000000.PDF,INVOICE,2,2,3,81913545_ORG_uhy0jb0ahkudvgbxrxzyxa00000000.PDF
81913545_SC_PACKING LIST_tsrgkdk5re6lfz6e70sjzq00000000.PDF,PACKING LIST,1,4,4,81913545_ORG_uhy0jb0ahkudvgbxrxzyxa00000000.PDF
81913545_SC_OTHER_keknwdzjc0k5qho7aa_+xw00000000.PDF,OTHER,1,5,5,81913545_ORG_uhy0jb0ahkudvgbxrxzyxa00000000.PDF
81913545_SC_OTHER_wzx2scpaiuylns7nfqu1_w00000000.PDF,OTHER,4,6,9,81913545_ORG_uhy0jb0ahkudvgbxrxzyxa00000000.PDF
81913545_SC_OTHER_famzh8oikekhwzjejahdeg00000000.PDF,OTHER,2,10,11,81913545_ORG_uhy0jb0ahkudvgbxrxzyxa00000000.PDF
82912813_ORG_uq_my8rsge6lwamrzv8vdg00000000.PDF,ORIG,,1,,
82912813_SC_OTHER_4jqjz_jvn0wl1kx2q53ang00000000.PDF,OTHER,2,1,2,82912813_ORG_uq_my8rsge6lwamrzv8vdg00000000.PDF
82909608_ORG_o7upjr6jh0mta2b5dknd7w00000000.PDF,ORIG,2,1,2,
82909608_SC_INVOICE_tkjcpcybw0mn+b_cl4mmbg00000000.PDF,INVOICE,1,1,1,82909608_ORG_o7upjr6jh0mta2b5dknd7w00000000.PDF
82909608_SC_PACKING LIST_nvyqc25hbei2iskvlmgbog00000000.PDF,PACKING LIST,1,2,2,82909608_ORG_o7upjr6jh0mta2b5dknd7w00000000.PDF
82909608_ORG_ceq0l3v7ykkqnxoq8bvh1q00000000.PDF,ORIG,2,1,2,
82909608_SC_INVOICE_jas3tpymbe2xn8egnd6xba00000000.PDF,INVOICE,1,1,1,82909608_ORG_ceq0l3v7ykkqnxoq8bvh1q00000000.PDF
82909608_SC_PACKING LIST_a_fccf+oge+gfbz6g7fhpw00000000.PDF,PACKING LIST,1,2,2,82909608_ORG_ceq0l3v7ykkqnxoq8bvh1q00000000.PDF
82912572_ORG_x3g6x9vijkmlqg3khjnzfw00000000.PDF,ORIG,,1,,
82912572_SC_INVOICE_ax6i9q+y0kau+z91f_w2dw00000000.PDF,INVOICE,9,1,9,82912572_ORG_x3g6x9vijkmlqg3khjnzfw00000000.PDF
82912572_SC_BOL_0e9p2pkblug3szhk9otihw00000000.PDF,BOL,2,10,11,82912572_ORG_x3g6x9vijkmlqg3khjnzfw00000000.PDF
82911093_ORG_friqsagzhuskvsiwjaevya00000000.PDF,ORIG,,1,,
82911093_SC_BOL_ak_qcicen02hnjucgwgoag00000000.PDF,BOL,3,3,5,82911093_ORG_friqsagzhuskvsiwjaevya00000000.PDF
82911093_SC_INVOICE_oi_swqfbikqwkbkfizha9g00000000.PDF,INVOICE,1,6,6,82911093_ORG_friqsagzhuskvsiwjaevya00000000.PDF
82911093_SC_INVOICE_w3aboebsieyuyrix16xvtw00000000.PDF,INVOICE,1,7,7,82911093_ORG_friqsagzhuskvsiwjaevya00000000.PDF
82911093_SC_INVOICE_vstwcfpdzkws8e3ymeqfmg00000000.PDF,INVOICE,1,8,8,82911093_ORG_friqsagzhuskvsiwjaevya00000000.PDF
82911093_SC_INVOICE_lbdj0+24l0u0k9c5kfe8da00000000.PDF,INVOICE,1,9,9,82911093_ORG_friqsagzhuskvsiwjaevya00000000.PDF
82911093_SC_INVOICE_jewzfkuareiys_j4+7n9og00000000.PDF,INVOICE,1,10,10,82911093_ORG_friqsagzhuskvsiwjaevya00000000.PDF
82911093_SC_OTHER_4q6jzbi43eo_nynygurioa00000000.PDF,OTHER,1,11,11,82911093_ORG_friqsagzhuskvsiwjaevya00000000.PDF
82911093_SC_PACKING LIST_tkaqb3bwyk6gwj7h2s0hnq00000000.PDF,PACKING LIST,3,12,14,82911093_ORG_friqsagzhuskvsiwjaevya00000000.PDF
82911093_SC_OTHER_ctinjqz5ik6onqh6ovh9aw00000000.PDF,OTHER,3,29,31,82911093_ORG_friqsagzhuskvsiwjaevya00000000.PDF
82909608_ORG_caso76al60whbfbfhfhmyw00000000.PDF,ORIG,2,1,2,
82909608_SC_INVOICE_bdyybpv8+usx5ioz6bytwg00000000.PDF,INVOICE,1,1,1,82909608_ORG_caso76al60whbfbfhfhmyw00000000.PDF
82909608_SC_PACKING LIST_kulhmr++rkqsvjnp3swjea00000000.PDF,PACKING LIST,1,2,2,82909608_ORG_caso76al60whbfbfhfhmyw00000000.PDF
82913549_ORG_2zotdhspveqya4w1aijnmg00000000.PDF,ORIG,,1,,
82913549_SC_BOL_83a6ujmtx0enqkstnx+ika00000000.PDF,BOL,1,1,1,82913549_ORG_2zotdhspveqya4w1aijnmg00000000.PDF
82913549_SC_INVOICE_pzbcjfz29eyk+gzo_+yhoq00000000.PDF,INVOICE,3,2,4,82913549_ORG_2zotdhspveqya4w1aijnmg00000000.PDF
82913549_SC_PACKING LIST_dlctynyp+0yxqf8ey85o1g00000000.PDF,PACKING LIST,5,5,9,82913549_ORG_2zotdhspveqya4w1aijnmg00000000.PDF
82909513_ORG_+4ahqf+gr0k_dm1alkqgyg00000000.PDF,ORIG,,1,,
82909513_SC_OTHER_wmvr8eem_ucxhbkair7v7q00000000.PDF,OTHER,1,2,2,82909513_ORG_+4ahqf+gr0k_dm1alkqgyg00000000.PDF
82913552_ORG_4bryabtimkokdfq+n71jlg00000000.PDF,ORIG,,1,,
82913552_SC_OTHER_vk+21phdeuwgiky0k_edra00000000.PDF,OTHER,1,1,1,82913552_ORG_4bryabtimkokdfq+n71jlg00000000.PDF
82913552_SC_BOL_3dqx5qmfgeisdzzvlxikka00000000.PDF,BOL,1,2,2,82913552_ORG_4bryabtimkokdfq+n71jlg00000000.PDF
82913552_SC_INVOICE_pxw0vo2tsugnvwvtryc2vw00000000.PDF,INVOICE,1,3,3,82913552_ORG_4bryabtimkokdfq+n71jlg00000000.PDF
82913552_SC_PACKING LIST_oxq9yrmkmuucoedmu1vqhw00000000.PDF,PACKING LIST,1,4,4,82913552_ORG_4bryabtimkokdfq+n71jlg00000000.PDF
82913552_SC_OTHER_crkjlxxsm0c64pj1te9+gw00000000.PDF,OTHER,2,5,6,82913552_ORG_4bryabtimkokdfq+n71jlg00000000.PDF
81913415_ORG_zt+agmvm50wd6aufrevsjw00000000.PDF,ORIG,,1,,
81913415_SC_OTHER_agq0iyz6a0qblsggx_znja00000000.PDF,OTHER,3,1,3,81913415_ORG_zt+agmvm50wd6aufrevsjw00000000.PDF
82911616_ORG_asmvcc7yykknddggusuipq00000000.PDF,ORIG,,1,,
82911616_SC_OTHER_yquvxpo7quyvvboyxkguig00000000.PDF,OTHER,1,2,2,82911616_ORG_asmvcc7yykknddggusuipq00000000.PDF
84913553_ORG_fnueagpyd0yxewl2sihbaw00000000.PDF,ORIG,,1,,
84913553_SC_BOL_evca6iezq0o_zloel85fva00000000.PDF,BOL,1,1,1,84913553_ORG_fnueagpyd0yxewl2sihbaw00000000.PDF
84913553_SC_PACKING LIST_symryamxz0ktjmtmm3sq+g00000000.PDF,PACKING LIST,1,2,2,84913553_ORG_fnueagpyd0yxewl2sihbaw00000000.PDF
84913553_SC_INVOICE_rtptle5v70c_svwdzoobsq00000000.PDF,INVOICE,5,3,7,84913553_ORG_fnueagpyd0yxewl2sihbaw00000000.PDF
84913553_SC_INVOICE_+l6jrvsri0qudkjx7ynlaa00000000.PDF,INVOICE,1,8,8,84913553_ORG_fnueagpyd0yxewl2sihbaw00000000.PDF
82912884_ORG_kekq9kx6beyxgrfgq_pp9a00000000.PDF,ORIG,,1,,
82912884_SC_OTHER_bk0fnhgf5uuzr0a_7vmrvq00000000.PDF,OTHER,2,1,2,82912884_ORG_kekq9kx6beyxgrfgq_pp9a00000000.PDF
81912756_ORG_5b+y5c4g_k+y_nclhtvyyg00000000.PDF,ORIG,,1,,
81912756_SC_OTHER_y3rx3aglouyl6mc35wy6ka00000000.PDF,OTHER,2,1,2,81912756_ORG_5b+y5c4g_k+y_nclhtvyyg00000000.PDF
82912616_ORG_z2lyon1cqe+mhw0uu2cmfw00000000.PDF,ORIG,,1,,
82912616_SC_OTHER_tktxe9ibxemae2zj06ofig00000000.PDF,OTHER,2,1,2,82912616_ORG_z2lyon1cqe+mhw0uu2cmfw00000000.PDF
82905781_ORG_9h1jvoqdbecrjhap8dhlwg00000000.PDF,ORIG,,1,,
82905781_SC_OTHER_nzl_iwlzr0u6tox9u+6yjq00000000.PDF,OTHER,1,1,1,82905781_ORG_9h1jvoqdbecrjhap8dhlwg00000000.PDF
82905781_SC_BOL_6vbvtlrwgkatuh0dpkcskq00000000.PDF,BOL,1,2,2,82905781_ORG_9h1jvoqdbecrjhap8dhlwg00000000.PDF
82905781_SC_INVOICE_qh+df8nu6kkrmepprde0ew00000000.PDF,INVOICE,1,3,3,82905781_ORG_9h1jvoqdbecrjhap8dhlwg00000000.PDF
82905781_SC_PACKING LIST_irgtol1eukm6x9li5e1dug00000000.PDF,PACKING LIST,1,4,4,82905781_ORG_9h1jvoqdbecrjhap8dhlwg00000000.PDF
84913556_ORG_kq7hgk1gnecxdapw+jimlw00000000.PDF,ORIG,,1,,
84913556_SC_BOL_c0tjc1ef5e2nbnejd5v8+a00000000.PDF,BOL,1,1,1,84913556_ORG_kq7hgk1gnecxdapw+jimlw00000000.PDF
84913556_SC_PACKING LIST_yoelpzntfemea4fooabpfg00000000.PDF,PACKING LIST,2,2,3,84913556_ORG_kq7hgk1gnecxdapw+jimlw00000000.PDF
84913556_SC_INVOICE_fbvdg_9ojkkfdmeo3abfca00000000.PDF,INVOICE,1,4,4,84913556_ORG_kq7hgk1gnecxdapw+jimlw00000000.PDF
84913556_SC_OTHER_qpppp+xz+0exssvnoowdig00000000.PDF,OTHER,1,5,5,84913556_ORG_kq7hgk1gnecxdapw+jimlw00000000.PDF
84913556_SC_INVOICE_yzpi01auoeiyypjq_dysyw00000000.PDF,INVOICE,1,6,6,84913556_ORG_kq7hgk1gnecxdapw+jimlw00000000.PDF
84913556_SC_INVOICE_7yhx+v4t00curflpczcqcg00000000.PDF,INVOICE,1,7,7,84913556_ORG_kq7hgk1gnecxdapw+jimlw00000000.PDF
84913556_SC_INVOICE_4vgiosfzyegoa2zyot4fow00000000.PDF,INVOICE,1,8,8,84913556_ORG_kq7hgk1gnecxdapw+jimlw00000000.PDF
84913556_SC_INVOICE_da_dxlchnkcpefdqdstx8a00000000.PDF,INVOICE,1,9,9,84913556_ORG_kq7hgk1gnecxdapw+jimlw00000000.PDF
82912620_ORG_upqmgkfadekrkvrnycaorw00000000.PDF,ORIG,,1,,
82912620_SC_OTHER_1+vejn7daeqnfiu+opp7qa00000000.PDF,OTHER,2,1,2,82912620_ORG_upqmgkfadekrkvrnycaorw00000000.PDF
84913555_ORG_kkkdkf4tqkwitbhj2y5f7w00000000.PDF,ORIG,4,1,4,
84913555_SC_BOL_ktfnktlp5uetq20pwirubq00000000.PDF,BOL,1,1,1,84913555_ORG_kkkdkf4tqkwitbhj2y5f7w00000000.PDF
84913555_SC_INVOICE_qzi01kjhgkymmvw9xnr8zw00000000.PDF,INVOICE,1,2,2,84913555_ORG_kkkdkf4tqkwitbhj2y5f7w00000000.PDF
84913555_SC_PACKING LIST_cxevny2prumfbwealioila00000000.PDF,PACKING LIST,1,3,3,84913555_ORG_kkkdkf4tqkwitbhj2y5f7w00000000.PDF
82912630_ORG_3dzymryzrk6yqoigqh0lqg00000000.PDF,ORIG,,1,,
82912630_SC_OTHER_awpxdotr2kueyuzc7xwsrw00000000.PDF,OTHER,2,1,2,82912630_ORG_3dzymryzrk6yqoigqh0lqg00000000.PDF
82911174_ORG_q8kwcu_dquixrzznydfjug00000000.PDF,ORIG,,1,,
82911174_SC_OTHER_nac2cuz530ksrjc_7war4w00000000.PDF,OTHER,6,2,7,82911174_ORG_q8kwcu_dquixrzznydfjug00000000.PDF
82913116_ORG_vzlrj6yzlumqki5ttnqbeg00000000.PDF,ORIG,,1,,
82913116_SC_OTHER_gwl+edivvecqzqtx6skmcg00000000.PDF,OTHER,3,1,3,82913116_ORG_vzlrj6yzlumqki5ttnqbeg00000000.PDF
81913559_ORG_np3gh4fcl06kpsg7y0yk3w00000000.PDF,ORIG,,1,,
81913559_SC_BOL_1mnrorp8puelyebp7aap+a00000000.PDF,BOL,1,1,1,81913559_ORG_np3gh4fcl06kpsg7y0yk3w00000000.PDF
81913559_SC_INVOICE_4302lmufjumve26ecy3gsg00000000.PDF,INVOICE,1,2,2,81913559_ORG_np3gh4fcl06kpsg7y0yk3w00000000.PDF
84913486_ORG_ramywnth70ae2mvdnl57aa00000000.PDF,ORIG,,1,,
84913486_SC_INVOICE_89hxcd+5iuaapx4rixqn+g00000000.PDF,INVOICE,1,4,4,84913486_ORG_ramywnth70ae2mvdnl57aa00000000.PDF
84913486_SC_PACKING LIST_cvf0fbpj_06mkfyxcj72lq00000000.PDF,PACKING LIST,1,5,5,84913486_ORG_ramywnth70ae2mvdnl57aa00000000.PDF
82913567_ORG_lpix+kj0+uotwgcgd6ovog00000000.PDF,ORIG,,1,,
82913567_SC_BOL_ggpk5hedg0ceva0osdonbw00000000.PDF,BOL,1,1,1,82913567_ORG_lpix+kj0+uotwgcgd6ovog00000000.PDF
82913567_SC_INVOICE_r9hwqh_f4kadhvbleooi8q00000000.PDF,INVOICE,1,2,2,82913567_ORG_lpix+kj0+uotwgcgd6ovog00000000.PDF
82913567_SC_PACKING LIST_guuodqpsxumb5skdghirta00000000.PDF,PACKING LIST,1,3,3,82913567_ORG_lpix+kj0+uotwgcgd6ovog00000000.PDF
84913517_ORG_v+++naim4eujkt17avyora00000000.PDF,ORIG,,1,,
84913517_SC_BOL_t1zcg+a_meoguhrwo6ogsw00000000.PDF,BOL,1,1,1,84913517_ORG_v+++naim4eujkt17avyora00000000.PDF
84913517_SC_INVOICE_ahr8bh1itu6cyscmnpeksw00000000.PDF,INVOICE,1,2,2,84913517_ORG_v+++naim4eujkt17avyora00000000.PDF
84913517_SC_PACKING LIST_gdnpztm_feezffgkhr6n0a00000000.PDF,PACKING LIST,1,3,3,84913517_ORG_v+++naim4eujkt17avyora00000000.PDF
84913570_ORG_xr+jrc4hdukuptv4ng+m2g00000000.PDF,ORIG,25,1,25,
84913570_SC_BOL_levc1loynuypcxj5yqdxyw00000000.PDF,BOL,1,1,1,84913570_ORG_xr+jrc4hdukuptv4ng+m2g00000000.PDF
84913341_ORG_pprwi40j1kuhavjagpkbag00000000.PDF,ORIG,,1,,
84913341_SC_INVOICE_388omsvjnkolafrbl65dea00000000.PDF,INVOICE,8,1,8,84913341_ORG_pprwi40j1kuhavjagpkbag00000000.PDF
84913341_SC_PACKING LIST_dtsyg10oo0whakmhfvejng00000000.PDF,PACKING LIST,1,17,17,84913341_ORG_pprwi40j1kuhavjagpkbag00000000.PDF
82913571_ORG_gazslu1p00kwwlmll5inig00000000.PDF,ORIG,,1,,
82913571_SC_BOL_z3bhduj3z0+zze6vltk6gg00000000.PDF,BOL,1,1,1,82913571_ORG_gazslu1p00kwwlmll5inig00000000.PDF
82913571_SC_PACKING LIST_qbdq46r2j0wxtissyethqa00000000.PDF,PACKING LIST,1,2,2,82913571_ORG_gazslu1p00kwwlmll5inig00000000.PDF
82913571_SC_INVOICE_mcp+yqrukkctsut5fyibjg00000000.PDF,INVOICE,2,3,4,82913571_ORG_gazslu1p00kwwlmll5inig00000000.PDF
82913549_ORG_9i_jnth9wkmlpl90edibzg00000000.PDF,ORIG,,1,,
82913549_SC_OTHER_jhlj2xxrzkakddxdgpplma00000000.PDF,OTHER,1,1,1,82913549_ORG_9i_jnth9wkmlpl90edibzg00000000.PDF
82913416_ORG_w0b1xonoq0a4jdeg0kflkg00000000.PDF,ORIG,,1,,
82913416_SC_OTHER_l6ab9m_ftuo77ekvpv06xq00000000.PDF,OTHER,3,1,3,82913416_ORG_w0b1xonoq0a4jdeg0kflkg00000000.PDF
82913390_ORG_u7n5eqbnre2ug0vnnqx_dq00000000.PDF,ORIG,,1,,
82913390_SC_OTHER_dajruwgqf06h0xhtkquhiw00000000.PDF,OTHER,1,1,1,82913390_ORG_u7n5eqbnre2ug0vnnqx_dq00000000.PDF
84913341_ORG_lsvqyzb70ks9odcbiw06aa00000000.PDF,ORIG,,1,,
84913341_SC_INVOICE_ubrljtdefeaikelcc5i2ig00000000.PDF,INVOICE,2,1,2,84913341_ORG_lsvqyzb70ks9odcbiw06aa00000000.PDF
84913341_SC_PACKING LIST_irjtndp2suixmm2qgl92rg00000000.PDF,PACKING LIST,1,8,8,84913341_ORG_lsvqyzb70ks9odcbiw06aa00000000.PDF
82913414_ORG_dxalhz+uqeindut_7dabzw00000000.PDF,ORIG,,1,,
82913414_SC_OTHER_l+gjxndmqkq3mkaeppxwmw00000000.PDF,OTHER,1,1,1,82913414_ORG_dxalhz+uqeindut_7dabzw00000000.PDF
82913407_ORG_h8eltmnxae+nyxfxbri9kq00000000.PDF,ORIG,,1,,
82913407_SC_OTHER_5iahq26uce6yz3qyz8l_fw00000000.PDF,OTHER,1,1,1,82913407_ORG_h8eltmnxae+nyxfxbri9kq00000000.PDF
82912042_ORG_m500pufq+egjxy5uahubuq00000000.PDF,ORIG,,1,,
82912042_SC_OTHER_vo2whrfd3k64ypnyu0nbbq00000000.PDF,OTHER,3,1,3,82912042_ORG_m500pufq+egjxy5uahubuq00000000.PDF
82913482_ORG_xnothsaxwewquiojwo8kng00000000.PDF,ORIG,,1,,
82913482_SC_INVOICE_aum_ji3kx0ehpa7jqdo4wa00000000.PDF,INVOICE,1,1,1,82913482_ORG_xnothsaxwewquiojwo8kng00000000.PDF
82913482_SC_PACKING LIST_51zv9ysce0c0sra08a8_1w00000000.PDF,PACKING LIST,1,2,2,82913482_ORG_xnothsaxwewquiojwo8kng00000000.PDF
82911326_ORG_ejep4r4mu02kbbdhbijm5w00000000.PDF,ORIG,,1,,
82911326_SC_OTHER_hq+f2bgxeu6+wdvl02avag00000000.PDF,OTHER,5,1,5,82911326_ORG_ejep4r4mu02kbbdhbijm5w00000000.PDF
82913192_ORG_zi6td6npu0agzhbvtlwvwg00000000.PDF,ORIG,,1,,
82913192_SC_OTHER_1ypiwwzctkeaf9yd8snijg00000000.PDF,OTHER,3,1,3,82913192_ORG_zi6td6npu0agzhbvtlwvwg00000000.PDF
82913577_ORG_nsii1is3zkudh5_rux7luw00000000.PDF,ORIG,,1,,
82913577_SC_BOL_uhvrds2pweyll43y1oxjgq00000000.PDF,BOL,1,1,1,82913577_ORG_nsii1is3zkudh5_rux7luw00000000.PDF
82913577_SC_PACKING LIST_apumtg_gykqitxg7bsax3g00000000.PDF,PACKING LIST,1,2,2,82913577_ORG_nsii1is3zkudh5_rux7luw00000000.PDF
82913577_SC_INVOICE_9weslhfsak6o_kdhv6j6qa00000000.PDF,INVOICE,2,3,4,82913577_ORG_nsii1is3zkudh5_rux7luw00000000.PDF
82913578_ORG_ftupkjniwke4rskjswnh0a00000000.PDF,ORIG,,1,,
82913578_SC_INVOICE_hfhcaue4r0ogxbiblacasq00000000.PDF,INVOICE,2,1,2,82913578_ORG_ftupkjniwke4rskjswnh0a00000000.PDF
82913578_ORG_qqdafjn6yk2bjlou_hsa+a00000000.PDF,ORIG,,1,,
82913578_SC_BOL_3khgposnx0eout4a7suecq00000000.PDF,BOL,2,1,2,82913578_ORG_qqdafjn6yk2bjlou_hsa+a00000000.PDF
82913578_ORG_g8cfv7iwtuy3pljv40mnww00000000.PDF,ORIG,1,1,1,
82913578_SC_PACKING LIST_hujsj1jhrugiptgt64asma00000000.PDF,PACKING LIST,1,1,1,82913578_ORG_g8cfv7iwtuy3pljv40mnww00000000.PDF
82910005_ORG_thqo_ccgde2papsh63+18q00000000.PDF,ORIG,,1,,
82910005_SC_OTHER_z2ggwn8gr0iyzm+0x8uuig00000000.PDF,OTHER,3,1,3,82910005_ORG_thqo_ccgde2papsh63+18q00000000.PDF
82913183_ORG_liejtl5rkesvj8_icfv9ww00000000.PDF,ORIG,,1,,
82913183_SC_OTHER_rxgxhumgukorhv8f9gdisg00000000.PDF,OTHER,4,1,4,82913183_ORG_liejtl5rkesvj8_icfv9ww00000000.PDF
81913585_ORG_anhasbkhz0end2iryatgtw00000000.PDF,ORIG,,1,,
81913585_SC_BOL_nooz2dn900anq1thm5acoq00000000.PDF,BOL,1,1,1,81913585_ORG_anhasbkhz0end2iryatgtw00000000.PDF
81913585_ORG_jse9cugnpems3l_oshzm3g00000000.PDF,ORIG,,1,,
81913585_SC_PACKING LIST_mxptuiutu0m1kc7tjaa3hw00000000.PDF,PACKING LIST,4,1,4,81913585_ORG_jse9cugnpems3l_oshzm3g00000000.PDF
81913585_ORG_1ozhxol6je+j+yjphuwknq00000000.PDF,ORIG,,1,,
81913585_SC_INVOICE_vsr4qhz850cl6y+cvqr8kg00000000.PDF,INVOICE,5,1,5,81913585_ORG_1ozhxol6je+j+yjphuwknq00000000.PDF
82911782_ORG_bf8xpcovte+r828wytkevg00000000.PDF,ORIG,,1,,
82911782_SC_OTHER_njtxbrte8ewxdosnu+5joq00000000.PDF,OTHER,1,1,1,82911782_ORG_bf8xpcovte+r828wytkevg00000000.PDF
82911784_ORG_tobsaq5dxe+8c4gwqf4ghg00000000.PDF,ORIG,,1,,
82911784_SC_OTHER_oe_sue7kbuglspv_ktbuba00000000.PDF,OTHER,1,1,1,82911784_ORG_tobsaq5dxe+8c4gwqf4ghg00000000.PDF
82911789_ORG_vqikip3b6kqh16eukzwnuq00000000.PDF,ORIG,,1,,
82911789_SC_OTHER_jaivdqdhreuy6tv8oztgla00000000.PDF,OTHER,1,1,1,82911789_ORG_vqikip3b6kqh16eukzwnuq00000000.PDF
82913586_ORG_3x4vv8s1ik+vohwg7+rgxq00000000.PDF,ORIG,,1,,
82913586_SC_BOL_lbf0ysx7euid_ahaq1lnga00000000.PDF,BOL,1,1,1,82913586_ORG_3x4vv8s1ik+vohwg7+rgxq00000000.PDF
82913586_SC_PACKING LIST__yuqzbk41kcwkpihlfjdqw00000000.PDF,PACKING LIST,1,2,2,82913586_ORG_3x4vv8s1ik+vohwg7+rgxq00000000.PDF
82913586_SC_INVOICE_arnvbv4feeqjqwjah+btba00000000.PDF,INVOICE,1,3,3,82913586_ORG_3x4vv8s1ik+vohwg7+rgxq00000000.PDF
83905316_ORG_xz5cxtkya0k+xvdnxblbzg00000000.PDF,ORIG,,1,,
83905316_SC_OTHER_ltosvd74peuiffunreojiw00000000.PDF,OTHER,2,1,2,83905316_ORG_xz5cxtkya0k+xvdnxblbzg00000000.PDF
81913587_ORG_4_pkht0luucazevrauoirg00000000.PDF,ORIG,,1,,
81913587_SC_BOL_kshynsm3p0mv8_4+gwobga00000000.PDF,BOL,2,1,2,81913587_ORG_4_pkht0luucazevrauoirg00000000.PDF
81913587_ORG_s+7wjprlsuey7gmthahobq00000000.PDF,ORIG,,1,,
81913587_SC_PACKING LIST_kfjia6hegeysoxa9of6j8w00000000.PDF,PACKING LIST,3,1,3,81913587_ORG_s+7wjprlsuey7gmthahobq00000000.PDF
81913587_ORG_bozktmiql06wdtlpjck9ua00000000.PDF,ORIG,,1,,
81913587_SC_INVOICE_teurbtjorkompq74w_4q5g00000000.PDF,INVOICE,2,1,2,81913587_ORG_bozktmiql06wdtlpjck9ua00000000.PDF
81913591_ORG_9i_8qokum0o5owgzfjrxrw00000000.PDF,ORIG,,1,,
81913591_SC_BOL_6b49y6wbg0yxgcq1mxdshq00000000.PDF,BOL,2,1,2,81913591_ORG_9i_8qokum0o5owgzfjrxrw00000000.PDF
81913591_ORG_fbsjlmdb+kaxfiukks8zyw00000000.PDF,ORIG,,1,,
81913591_SC_INVOICE_mooxls8a7eyyzxoghd1czg00000000.PDF,INVOICE,2,1,2,81913591_ORG_fbsjlmdb+kaxfiukks8zyw00000000.PDF
81913591_SC_PACKING LIST_nyvyl99yr0yk3ev37buccw00000000.PDF,PACKING LIST,3,3,5,81913591_ORG_fbsjlmdb+kaxfiukks8zyw00000000.PDF
84913534_ORG_t7iltezlukqqn6neehxb_w00000000.PDF,ORIG,,1,,
84913534_SC_PACKING LIST_bv_ysxwx70wr1k9r36hnfa00000000.PDF,PACKING LIST,2,1,2,84913534_ORG_t7iltezlukqqn6neehxb_w00000000.PDF
84913534_SC_INVOICE_776y0whkl0qp5bwyfsdwgw00000000.PDF,INVOICE,2,3,4,84913534_ORG_t7iltezlukqqn6neehxb_w00000000.PDF
84913527_ORG_42plxlimeumqffnx4fw73a00000000.PDF,ORIG,,1,,
84913527_SC_PACKING LIST_g_tg+h3fukuwx302nfuvpg00000000.PDF,PACKING LIST,1,1,1,84913527_ORG_42plxlimeumqffnx4fw73a00000000.PDF
84913527_SC_INVOICE_5x8dlxemtu2ysmjgqu_s5w00000000.PDF,INVOICE,3,2,4,84913527_ORG_42plxlimeumqffnx4fw73a00000000.PDF
84913527_ORG_qdhv2w_a_kuuzmk8+2cf9g00000000.PDF,ORIG,,1,,
84913527_SC_PACKING LIST__rfh6z3vykenuasku5bfoq00000000.PDF,PACKING LIST,2,1,2,84913527_ORG_qdhv2w_a_kuuzmk8+2cf9g00000000.PDF
84913527_SC_INVOICE_rsqqxnbqruci43pqpo7hqa00000000.PDF,INVOICE,3,3,5,84913527_ORG_qdhv2w_a_kuuzmk8+2cf9g00000000.PDF
82913608_ORG_0qhrcfukwuwzauloptfdja00000000.PDF,ORIG,,1,,
82913608_SC_INVOICE_+dwzrimox0izuieyvllgeg00000000.PDF,INVOICE,2,6,7,82913608_ORG_0qhrcfukwuwzauloptfdja00000000.PDF
82913608_SC_PACKING LIST_p9eksop8ueejuelsctshog00000000.PDF,PACKING LIST,2,8,9,82913608_ORG_0qhrcfukwuwzauloptfdja00000000.PDF
82913608_SC_BOL_aainnlywme6mmdm846aoqg00000000.PDF,BOL,1,10,10,82913608_ORG_0qhrcfukwuwzauloptfdja00000000.PDF
82912890_ORG_+2l0x5_pzkco6bbbbaf7oq00000000.PDF,ORIG,,1,,
82912890_SC_PACKING LIST_duln5xszcecv9sibwyrw0q00000000.PDF,PACKING LIST,1,1,1,82912890_ORG_+2l0x5_pzkco6bbbbaf7oq00000000.PDF
82912890_SC_INVOICE_9magj2sagkgdipsafonekq00000000.PDF,INVOICE,2,2,3,82912890_ORG_+2l0x5_pzkco6bbbbaf7oq00000000.PDF
82913611_ORG_ola3njxyhesevsijngnldg00000000.PDF,ORIG,,1,,
82913611_SC_OTHER_ulwsi3ssp0ixqjpfytljkw00000000.PDF,OTHER,1,1,1,82913611_ORG_ola3njxyhesevsijngnldg00000000.PDF
82913611_SC_BOL_qgzlg1z_k0shqvmdpwd8xa00000000.PDF,BOL,2,2,3,82913611_ORG_ola3njxyhesevsijngnldg00000000.PDF
82913611_SC_INVOICE_tgsruicavkgb9mv9lvt1sg00000000.PDF,INVOICE,1,4,4,82913611_ORG_ola3njxyhesevsijngnldg00000000.PDF
82913611_SC_PACKING LIST_+woygt3oceksqy1ltyg28q00000000.PDF,PACKING LIST,1,5,5,82913611_ORG_ola3njxyhesevsijngnldg00000000.PDF
82913611_SC_OTHER_qr064c81lkqccgop2mzfcw00000000.PDF,OTHER,2,6,7,82913611_ORG_ola3njxyhesevsijngnldg00000000.PDF
82913612_ORG_+1r1jk7zbes4bo3gukhwla00000000.PDF,ORIG,,1,,
82913612_SC_OTHER_dxshws6ce0utzah0qzdbqg00000000.PDF,OTHER,1,1,1,82913612_ORG_+1r1jk7zbes4bo3gukhwla00000000.PDF
82913612_SC_BOL_iasp+xkfies4z66pvwmaeg00000000.PDF,BOL,2,2,3,82913612_ORG_+1r1jk7zbes4bo3gukhwla00000000.PDF
82913612_SC_INVOICE_d3wetrul0kocifflqolflg00000000.PDF,INVOICE,2,4,5,82913612_ORG_+1r1jk7zbes4bo3gukhwla00000000.PDF
82913612_SC_PACKING LIST__lf1x0_cxk6gjqhat7zpca00000000.PDF,PACKING LIST,1,6,6,82913612_ORG_+1r1jk7zbes4bo3gukhwla00000000.PDF
82913612_SC_OTHER_4ywg3t3f0kyzcaoksjl0ka00000000.PDF,OTHER,2,7,8,82913612_ORG_+1r1jk7zbes4bo3gukhwla00000000.PDF
81913623_ORG_bowi2txryku9rb6e62feeg00000000.PDF,ORIG,,1,,
81913623_SC_INVOICE_q_qj63e6v06bgrh6zpddaw00000000.PDF,INVOICE,2,1,2,81913623_ORG_bowi2txryku9rb6e62feeg00000000.PDF
81913623_SC_PACKING LIST_fnzqgmjtz0gtgmdpneptpq00000000.PDF,PACKING LIST,2,3,4,81913623_ORG_bowi2txryku9rb6e62feeg00000000.PDF
81913623_ORG_lel57udcbke_yayzd7uzzw00000000.PDF,ORIG,,1,,
81913623_SC_BOL_1lpdhilihkop8c6un_nmha00000000.PDF,BOL,1,1,1,81913623_ORG_lel57udcbke_yayzd7uzzw00000000.PDF
84913628_ORG_i38udavy0ugxo35pjo0itg00000000.PDF,ORIG,,1,,
84913628_SC_BOL_os86qk3xakc8315kuheovw00000000.PDF,BOL,2,1,2,84913628_ORG_i38udavy0ugxo35pjo0itg00000000.PDF
84913628_ORG_rzzl6rktikshqmzanmdinw00000000.PDF,ORIG,,1,,
84913628_SC_INVOICE_eyrul4o73ecmqvxes5bvqw00000000.PDF,INVOICE,1,1,1,84913628_ORG_rzzl6rktikshqmzanmdinw00000000.PDF
82913520_ORG_ixgrnyhnok2jxyzljxcwya00000000.PDF,ORIG,,1,,
82913520_SC_BOL_xk0tymocykke1bgnqfcmdg00000000.PDF,BOL,1,1,1,82913520_ORG_ixgrnyhnok2jxyzljxcwya00000000.PDF
82913520_SC_OTHER_na_xeidpnkk6kiiqym2ykq00000000.PDF,OTHER,1,3,3,82913520_ORG_ixgrnyhnok2jxyzljxcwya00000000.PDF
82913520_SC_INVOICE_gcjz2mrvmukr00n+o6whwg00000000.PDF,INVOICE,3,4,6,82913520_ORG_ixgrnyhnok2jxyzljxcwya00000000.PDF
82913520_SC_PACKING LIST_uq1xjt0heeg17hahin6r0a00000000.PDF,PACKING LIST,2,7,8,82913520_ORG_ixgrnyhnok2jxyzljxcwya00000000.PDF
82913519_ORG_un90lszixkkwwt8gmqehrw00000000.PDF,ORIG,,1,,
82913519_SC_BOL_qa2gmpobpuafzpcsh27luq00000000.PDF,BOL,1,1,1,82913519_ORG_un90lszixkkwwt8gmqehrw00000000.PDF
82913519_SC_OTHER_tszatip7+eyne86u_h11oq00000000.PDF,OTHER,1,3,3,82913519_ORG_un90lszixkkwwt8gmqehrw00000000.PDF
82913519_SC_INVOICE_rgawifubau2wkz6wanlvlw00000000.PDF,INVOICE,3,4,6,82913519_ORG_un90lszixkkwwt8gmqehrw00000000.PDF
82913519_SC_PACKING LIST_qq9td7gtfemxkxyecewwna00000000.PDF,PACKING LIST,1,7,7,82913519_ORG_un90lszixkkwwt8gmqehrw00000000.PDF
82913633_ORG_he5rjh5duui1xgwcn_j2da00000000.PDF,ORIG,,1,,
82913633_SC_INVOICE_sltwjkevokgj0_006khhlq00000000.PDF,INVOICE,3,1,3,82913633_ORG_he5rjh5duui1xgwcn_j2da00000000.PDF
82913633_SC_PACKING LIST_4o8r9z5kfe2on2na2vnpxw00000000.PDF,PACKING LIST,2,4,5,82913633_ORG_he5rjh5duui1xgwcn_j2da00000000.PDF
82913633_SC_BOL_hoa8hoq1fuyxvr5nvsbknq00000000.PDF,BOL,1,10,10,82913633_ORG_he5rjh5duui1xgwcn_j2da00000000.PDF
82913635_ORG_1zevdpvuyk6tgfm1tloe_g00000000.PDF,ORIG,3,1,3,
82913635_SC_BOL_axmfbu8wseil4yt9rum7mg00000000.PDF,BOL,1,1,1,82913635_ORG_1zevdpvuyk6tgfm1tloe_g00000000.PDF
82913635_SC_INVOICE_5tprxv_kiuknvdx2odhf2a00000000.PDF,INVOICE,1,2,2,82913635_ORG_1zevdpvuyk6tgfm1tloe_g00000000.PDF
82913635_SC_PACKING LIST_d9r3_88mj0sq5d7nhvxbxa00000000.PDF,PACKING LIST,1,3,3,82913635_ORG_1zevdpvuyk6tgfm1tloe_g00000000.PDF
82913636_ORG_vy0trwqokumcxn65qo7n3q00000000.PDF,ORIG,,1,,
82913636_SC_BOL_i+dusvd4o0qehqscau2fzq00000000.PDF,BOL,2,1,2,82913636_ORG_vy0trwqokumcxn65qo7n3q00000000.PDF
82913636_SC_INVOICE_2xsug0hywecifehlmclpvq00000000.PDF,INVOICE,1,3,3,82913636_ORG_vy0trwqokumcxn65qo7n3q00000000.PDF
82913636_SC_PACKING LIST_j8mux6hjp021u5xzo5e3yg00000000.PDF,PACKING LIST,1,4,4,82913636_ORG_vy0trwqokumcxn65qo7n3q00000000.PDF
82912677_ORG_oal2x8n_buyztjakz88mfg00000000.PDF,ORIG,,1,,
82912677_SC_OTHER_zgbkh1nv60i_4xpejdyl4w00000000.PDF,OTHER,8,1,8,82912677_ORG_oal2x8n_buyztjakz88mfg00000000.PDF
82913014_ORG_oh6l39jpxkyceqju_mjfgw00000000.PDF,ORIG,,1,,
82913014_SC_OTHER_a036qnixpew0llkzzsrvha00000000.PDF,OTHER,1,1,1,82913014_ORG_oh6l39jpxkyceqju_mjfgw00000000.PDF
82912327_ORG__qdpd9exdkkftw7yuqykxq00000000.PDF,ORIG,,1,,
82912327_SC_OTHER_svba92k0iuwsu1o_jvqv0g00000000.PDF,OTHER,2,1,2,82912327_ORG__qdpd9exdkkftw7yuqykxq00000000.PDF
81913637_ORG_7msjgb39vk2ou+jppw1bxq00000000.PDF,ORIG,,1,,
81913637_SC_INVOICE_adxvtc7gl06yyxxduzl5kq00000000.PDF,INVOICE,3,1,3,81913637_ORG_7msjgb39vk2ou+jppw1bxq00000000.PDF
81913637_ORG_hu7m3knmskewvuf+h3r0yq00000000.PDF,ORIG,,1,,
81913637_SC_BOL_p8nolyqyu062+ylwtcsp9w00000000.PDF,BOL,2,1,2,81913637_ORG_hu7m3knmskewvuf+h3r0yq00000000.PDF
81913637_ORG_7bdl97vqx0mr0jahk6ptla00000000.PDF,ORIG,,1,,
81913637_SC_PACKING LIST_95aintupyecka2m8agtksg00000000.PDF,PACKING LIST,1,1,1,81913637_ORG_7bdl97vqx0mr0jahk6ptla00000000.PDF
82913639_ORG_oksumdxj0eeunfrfgk5ldw00000000.PDF,ORIG,3,1,3,
82913639_SC_INVOICE_qrxpcpjsx0kh1b8xtw8gba00000000.PDF,INVOICE,1,1,1,82913639_ORG_oksumdxj0eeunfrfgk5ldw00000000.PDF
82913639_ORG_issjphaaikocod4c6vdhpw00000000.PDF,ORIG,4,1,4,
82913639_SC_INVOICE_lgxkvntkq0+wkbn9fk6lmq00000000.PDF,INVOICE,2,1,2,82913639_ORG_issjphaaikocod4c6vdhpw00000000.PDF
82913642_ORG_nw0cyo03buas9kni4cdkpw00000000.PDF,ORIG,,1,,
82913642_SC_BOL_et0rhnpxxkmig8aj38wvog00000000.PDF,BOL,2,1,2,82913642_ORG_nw0cyo03buas9kni4cdkpw00000000.PDF
82913642_SC_INVOICE_qihqbgs1cku_bdqz33e9kw00000000.PDF,INVOICE,1,3,3,82913642_ORG_nw0cyo03buas9kni4cdkpw00000000.PDF
82912925_ORG_tw0apb2k1u6jzrmcsm2e2w00000000.PDF,ORIG,4,1,4,
82912925_SC_BOL_t0yfd8sydu+fh2pa5dodca00000000.PDF,BOL,1,1,1,82912925_ORG_tw0apb2k1u6jzrmcsm2e2w00000000.PDF
82912925_SC_INVOICE_6pkfcxhg00wyrnxjzvk0og00000000.PDF,INVOICE,2,2,3,82912925_ORG_tw0apb2k1u6jzrmcsm2e2w00000000.PDF
82912925_ORG_jyf+suwjmkyczfmmvtspfg00000000.PDF,ORIG,2,1,2,82912925_ORG_tw0apb2k1u6jzrmcsm2e2w00000000.PDF
82912925_SC_INVOICE_s6z4wsjglkuqsphx_ynm4q00000000.PDF,INVOICE,1,1,1,82912925_ORG_jyf+suwjmkyczfmmvtspfg00000000.PDF
82912925_SC_INVOICE_ka5ih_wjsuqjc+mmpye2da00000000.PDF,INVOICE,1,2,2,82912925_ORG_jyf+suwjmkyczfmmvtspfg00000000.PDF
84913645_ORG_3gelxelfjke+ta3hlbjm5w00000000.PDF,ORIG,,1,,
84913645_SC_BOL_j0zcno79aeaaeojgdtkvla00000000.PDF,BOL,2,1,2,84913645_ORG_3gelxelfjke+ta3hlbjm5w00000000.PDF
84913634_ORG_+km6efqonkyuupuvmkgirq00000000.PDF,ORIG,,1,,
84913634_SC_BOL_a7zhiuwrhukebxw311rmaq00000000.PDF,BOL,1,1,1,84913634_ORG_+km6efqonkyuupuvmkgirq00000000.PDF
84913634_SC_INVOICE_tpdss5esu0anyrksn2ffpw00000000.PDF,INVOICE,2,2,3,84913634_ORG_+km6efqonkyuupuvmkgirq00000000.PDF
84913634_SC_PACKING LIST_w9orpxisp0upkwzdbr9vdw00000000.PDF,PACKING LIST,1,4,4,84913634_ORG_+km6efqonkyuupuvmkgirq00000000.PDF
84913645_ORG_kyaj4uw7ru6e9s9do8akfg00000000.PDF,ORIG,,1,,
84913645_SC_INVOICE_jlokjy9u3k2i+dr_7utdpw00000000.PDF,INVOICE,2,1,2,84913645_ORG_kyaj4uw7ru6e9s9do8akfg00000000.PDF
82912099_ORG_nubmn2pkc0s8k7fczbacpq00000000.PDF,ORIG,,1,,
82912099_SC_OTHER_oint_xya+0qqpybe5em4ha00000000.PDF,OTHER,2,1,2,82912099_ORG_nubmn2pkc0s8k7fczbacpq00000000.PDF
84913638_ORG_qjhqjpzr+kgckrcg9uaosq00000000.PDF,ORIG,11,1,11,
84913638_SC_BOL_gi0z8ewrckosez8elwn0tg00000000.PDF,BOL,1,1,1,84913638_ORG_qjhqjpzr+kgckrcg9uaosq00000000.PDF
82913649_ORG_eetpbm1510qt25u0ndzy3a00000000.PDF,ORIG,,1,,
82913649_SC_INVOICE_cafwagr_ikm3csgzwxsbcw00000000.PDF,INVOICE,1,1,1,82913649_ORG_eetpbm1510qt25u0ndzy3a00000000.PDF
82913649_ORG_f+w8hjuzg0ogmwmjeyfaow00000000.PDF,ORIG,,1,,
82913649_SC_PACKING LIST_z_nh4nqreu+kv2l7w_w2qa00000000.PDF,PACKING LIST,1,1,1,82913649_ORG_f+w8hjuzg0ogmwmjeyfaow00000000.PDF
82913649_ORG_qhanqji8jksclcjmud6xuw00000000.PDF,ORIG,,1,,
82913649_SC_BOL_1wruqwpelegwoirniiywow00000000.PDF,BOL,1,1,1,82913649_ORG_qhanqji8jksclcjmud6xuw00000000.PDF
82913650_ORG_it1viwsv7kaqacqv1az_pg00000000.PDF,ORIG,4,1,4,
82913650_SC_INVOICE_5j+demv0rk+0n_d6bm_wdg00000000.PDF,INVOICE,2,1,2,82913650_ORG_it1viwsv7kaqacqv1az_pg00000000.PDF
82913644_ORG_termu38yyu+0hk3zvumuxa00000000.PDF,ORIG,,1,,
82913644_SC_INVOICE_wonyfm64i0koojviu8ogzg00000000.PDF,INVOICE,1,1,1,82913644_ORG_termu38yyu+0hk3zvumuxa00000000.PDF
82913644_SC_PACKING LIST_flx_1kpfieo8p1dbzmtbza00000000.PDF,PACKING LIST,2,2,3,82913644_ORG_termu38yyu+0hk3zvumuxa00000000.PDF
84913655_ORG_m6tmjlbwukwqzlpt5yhgpg00000000.PDF,ORIG,,1,,
84913655_SC_INVOICE_qlggmetvduqktx8kpu_tsw00000000.PDF,INVOICE,1,1,1,84913655_ORG_m6tmjlbwukwqzlpt5yhgpg00000000.PDF
84913655_SC_PACKING LIST_bjnck+aj1kecrtzhe3x5zq00000000.PDF,PACKING LIST,1,2,2,84913655_ORG_m6tmjlbwukwqzlpt5yhgpg00000000.PDF
84913654_ORG_456zblhbw0s2rlaf8bw4zg00000000.PDF,ORIG,,1,,
84913654_SC_INVOICE_31aapozeh0kfahpdqolc+q00000000.PDF,INVOICE,1,1,1,84913654_ORG_456zblhbw0s2rlaf8bw4zg00000000.PDF
84913654_SC_PACKING LIST_d72f_hb9quaksy0_0ybwqg00000000.PDF,PACKING LIST,1,2,2,84913654_ORG_456zblhbw0s2rlaf8bw4zg00000000.PDF
82911707_ORG_jxlmjj1tykc6uzo3tlksfa00000000.PDF,ORIG,,1,,
82911707_SC_BOL_ogpn1oc5o0echhuj7a+mjg00000000.PDF,BOL,2,1,2,82911707_ORG_jxlmjj1tykc6uzo3tlksfa00000000.PDF
82911707_SC_INVOICE_fy66t5uczki1popbla8c0w00000000.PDF,INVOICE,1,3,3,82911707_ORG_jxlmjj1tykc6uzo3tlksfa00000000.PDF
82911707_SC_OTHER_yivlxwhkw0gb19ti5k7lqw00000000.PDF,OTHER,1,4,4,82911707_ORG_jxlmjj1tykc6uzo3tlksfa00000000.PDF
82911707_SC_PACKING LIST_8dmjn1j3lkotfxuib6cvyw00000000.PDF,PACKING LIST,1,5,5,82911707_ORG_jxlmjj1tykc6uzo3tlksfa00000000.PDF
82911707_SC_OTHER_bjvutkho+0kderbaxc7vfw00000000.PDF,OTHER,1,6,6,82911707_ORG_jxlmjj1tykc6uzo3tlksfa00000000.PDF
82911707_SC_OTHER_b6u8+hljz0qce1qzfzaqmq00000000.PDF,OTHER,3,14,16,82911707_ORG_jxlmjj1tykc6uzo3tlksfa00000000.PDF
82911707_ORG_j0_vqcjzqkoizezuidcwcg00000000.PDF,ORIG,,1,,
82911707_SC_OTHER_ncpl2bnoj0qdomunbc1vtw00000000.PDF,OTHER,1,2,2,82911707_ORG_j0_vqcjzqkoizezuidcwcg00000000.PDF
81909971_ORG_8wlcjzvwlu2fgnptyst_qq00000000.PDF,ORIG,2,1,2,
81909971_SC_OTHER_8craqka+_k6tlu0ksy4fya00000000.PDF,OTHER,1,1,1,81909971_ORG_8wlcjzvwlu2fgnptyst_qq00000000.PDF
82913377_ORG_qe0gtgqb4uugkicxe_9ngg00000000.PDF,ORIG,2,1,2,
82913377_SC_INVOICE_9chqex7ro0ghdz5gdztvpw00000000.PDF,INVOICE,1,1,1,82913377_ORG_qe0gtgqb4uugkicxe_9ngg00000000.PDF
82913377_SC_PACKING LIST_r22_ov5oceekjefkdiqfdq00000000.PDF,PACKING LIST,1,2,2,82913377_ORG_qe0gtgqb4uugkicxe_9ngg00000000.PDF
82910495_ORG_fwmedvli4e2mgzl2+6fmdg00000000.PDF,ORIG,,1,,
82910495_SC_OTHER_zcklclkxluo6ux3w_6pamg00000000.PDF,OTHER,3,1,3,82910495_ORG_fwmedvli4e2mgzl2+6fmdg00000000.PDF
81913658_ORG_hgjrstvivuuczs0cuguleq00000000.PDF,ORIG,,1,,
81913658_SC_BOL_co8enysqxkmqoxtjoylnza00000000.PDF,BOL,2,2,3,81913658_ORG_hgjrstvivuuczs0cuguleq00000000.PDF
82912926_ORG_yoyjnbjdeuo7hh+xm9u4mq00000000.PDF,ORIG,5,1,5,
82912926_SC_BOL_b9gj6ik9o02zruc8sjsfnw00000000.PDF,BOL,1,1,1,82912926_ORG_yoyjnbjdeuo7hh+xm9u4mq00000000.PDF
82912926_SC_INVOICE_lsojhps2qkub4_kg0xk7yg00000000.PDF,INVOICE,1,2,2,82912926_ORG_yoyjnbjdeuo7hh+xm9u4mq00000000.PDF
82912926_SC_PACKING LIST_ymrmiaqtiechpfqyis3aqq00000000.PDF,PACKING LIST,3,3,5,82912926_ORG_yoyjnbjdeuo7hh+xm9u4mq00000000.PDF
81913658_ORG_kxo5o5bmpka895h1yo0vlg00000000.PDF,ORIG,,1,,
81913658_SC_INVOICE_jh9o2dayeeqj41r63uyjog00000000.PDF,INVOICE,7,3,9,81913658_ORG_kxo5o5bmpka895h1yo0vlg00000000.PDF
82908529_ORG_qdoo6so2ykwbm7bvsvroqq00000000.PDF,ORIG,,1,,
82908529_SC_OTHER_mthocpbgokqafvxduttukq00000000.PDF,OTHER,2,1,2,82908529_ORG_qdoo6so2ykwbm7bvsvroqq00000000.PDF
82908530_ORG_cdmgrwtxceqlz5ibo_gdna00000000.PDF,ORIG,,1,,
82908530_SC_OTHER_h7xnhyg130aiemnpmjifaw00000000.PDF,OTHER,2,1,2,82908530_ORG_cdmgrwtxceqlz5ibo_gdna00000000.PDF
82912620_ORG_jffiks3fruuvalaqwhkkpa00000000.PDF,ORIG,,1,,
82912620_SC_OTHER_eemudlazsewskcvh2dizpa00000000.PDF,OTHER,1,1,1,82912620_ORG_jffiks3fruuvalaqwhkkpa00000000.PDF
82907576_ORG_aq5gzji5zuykdptzwqw6lq00000000.PDF,ORIG,,1,,
82907576_SC_OTHER_n4k9xebl6emv9kxq5vgt4q00000000.PDF,OTHER,1,1,1,82907576_ORG_aq5gzji5zuykdptzwqw6lq00000000.PDF
81913667_ORG_py2c0csgg06a33ehesepga00000000.PDF,ORIG,6,1,6,
81913667_SC_INVOICE_uihpqmdsmecy5rohdf2aeq00000000.PDF,INVOICE,1,1,1,81913667_ORG_py2c0csgg06a33ehesepga00000000.PDF
81913667_SC_PACKING LIST_bl00m1ge4ugrfmsxbjc_za00000000.PDF,PACKING LIST,2,2,3,81913667_ORG_py2c0csgg06a33ehesepga00000000.PDF
81913667_SC_OTHER_qyktlqouw0axv2gend8vja00000000.PDF,OTHER,2,4,5,81913667_ORG_py2c0csgg06a33ehesepga00000000.PDF
81913667_SC_BOL_dvcstmarueigxirbwobcpg00000000.PDF,BOL,1,6,6,81913667_ORG_py2c0csgg06a33ehesepga00000000.PDF
84913483_ORG_qmib5d1dlequyzinltrpug00000000.PDF,ORIG,6,1,6,
84913483_SC_PACKING LIST_awscoxhpuea7nsvb_+_v+a00000000.PDF,PACKING LIST,3,1,3,84913483_ORG_qmib5d1dlequyzinltrpug00000000.PDF
84913483_SC_INVOICE_woxbdwbqdksqot726orrwa00000000.PDF,INVOICE,3,4,6,84913483_ORG_qmib5d1dlequyzinltrpug00000000.PDF
82913672_ORG_9f6pyfkbq02gwxipkn+wrq00000000.PDF,ORIG,2,1,2,
82913672_SC_INVOICE_vzese3dgluiwqnyg0xpt3q00000000.PDF,INVOICE,2,1,2,82913672_ORG_9f6pyfkbq02gwxipkn+wrq00000000.PDF
82913672_ORG_brplrbr9pus07u6wlbyqgg00000000.PDF,ORIG,1,1,1,
82913672_SC_PACKING LIST_2pznmymmikwzyrkekutxna00000000.PDF,PACKING LIST,1,1,1,82913672_ORG_brplrbr9pus07u6wlbyqgg00000000.PDF
82913674_ORG_w6pvrej+lk+lf0q56y42mw00000000.PDF,ORIG,,1,,
82913674_SC_INVOICE_kivlj1lnr0qvzmo92uaycg00000000.PDF,INVOICE,1,1,1,82913674_ORG_w6pvrej+lk+lf0q56y42mw00000000.PDF
82913674_SC_PACKING LIST_n5p8ycsm8emevwv3x3eggw00000000.PDF,PACKING LIST,1,2,2,82913674_ORG_w6pvrej+lk+lf0q56y42mw00000000.PDF
82913674_SC_BOL_mhn1kny_kuw0pygvzwy8yw00000000.PDF,BOL,1,9,9,82913674_ORG_w6pvrej+lk+lf0q56y42mw00000000.PDF
81912712_ORG_enehfw570ki5ihdvacjf9g00000000.PDF,ORIG,2,1,2,
81912712_SC_OTHER_bipqgimlkkyfmh33low4_w00000000.PDF,OTHER,1,1,1,81912712_ORG_enehfw570ki5ihdvacjf9g00000000.PDF
82913393_ORG_secvtzlir0eihbfrr5scpw00000000.PDF,ORIG,4,1,4,
82913393_SC_PACKING LIST_renuybos6kqo_nvnarxlcg00000000.PDF,PACKING LIST,2,1,2,82913393_ORG_secvtzlir0eihbfrr5scpw00000000.PDF
82913393_SC_INVOICE_0o2ouiz6uk+c7qhx+jlzqw00000000.PDF,INVOICE,1,3,3,82913393_ORG_secvtzlir0eihbfrr5scpw00000000.PDF
82913675_ORG_yeemqs_zxkmkzh_zzeaqlg00000000.PDF,ORIG,,1,,
82913675_SC_BOL_aacf6prfs0solm_ns1jkia00000000.PDF,BOL,1,1,1,82913675_ORG_yeemqs_zxkmkzh_zzeaqlg00000000.PDF
82913675_SC_PACKING LIST_re7ynvx8ju6c0gpttv1e1q00000000.PDF,PACKING LIST,1,2,2,82913675_ORG_yeemqs_zxkmkzh_zzeaqlg00000000.PDF
82913675_SC_INVOICE_gskbevpu_ecqny8jzlsqja00000000.PDF,INVOICE,1,3,3,82913675_ORG_yeemqs_zxkmkzh_zzeaqlg00000000.PDF
81913678_ORG_12ct+1ke5ks3kit8lichnq00000000.PDF,ORIG,8,1,8,
81913678_SC_INVOICE_z0syd0ovpusghaqbboxrda00000000.PDF,INVOICE,1,1,1,81913678_ORG_12ct+1ke5ks3kit8lichnq00000000.PDF
81913678_SC_PACKING LIST_wqrwhehneuc7hznfa77f+w00000000.PDF,PACKING LIST,1,2,2,81913678_ORG_12ct+1ke5ks3kit8lichnq00000000.PDF
81913678_SC_OTHER_vsrleuwltkclzwtzrktx1g00000000.PDF,OTHER,2,3,4,81913678_ORG_12ct+1ke5ks3kit8lichnq00000000.PDF
81913678_SC_BOL_jnxw68tn_0oqzrnkraln4a00000000.PDF,BOL,2,5,6,81913678_ORG_12ct+1ke5ks3kit8lichnq00000000.PDF
81913738_ORG_jxnrmuwohucg7qyyipw8pg00000000.PDF,ORIG,2,1,2,
81913738_SC_BOL_jdq7jj+xj0ky9h4pb8ixca00000000.PDF,BOL,2,1,2,81913738_ORG_jxnrmuwohucg7qyyipw8pg00000000.PDF
82913680_ORG_feufygsf80uhxmgcspp72g00000000.PDF,ORIG,,1,,
82913680_SC_INVOICE_9iwopg+7des4g5ncf0bqvg00000000.PDF,INVOICE,1,2,2,82913680_ORG_feufygsf80uhxmgcspp72g00000000.PDF
82913680_SC_PACKING LIST_ixt7ixps3uylzlqyplooig00000000.PDF,PACKING LIST,2,3,4,82913680_ORG_feufygsf80uhxmgcspp72g00000000.PDF
82913680_ORG__hw1hwon7ea9rnw7beizpw00000000.PDF,ORIG,,1,,
82913680_SC_BOL_qwmksaned0om67+y+r05cq00000000.PDF,BOL,1,1,1,82913680_ORG__hw1hwon7ea9rnw7beizpw00000000.PDF
84913687_ORG_evygtjtut0ccmohgof_1ta00000000.PDF,ORIG,8,1,8,
84913687_SC_INVOICE_b6_lqcxtlugjw3voq1jutg00000000.PDF,INVOICE,1,1,1,84913687_ORG_evygtjtut0ccmohgof_1ta00000000.PDF
84913687_SC_INVOICE__pnzoxhvtuawalp1otsf8w00000000.PDF,INVOICE,1,2,2,84913687_ORG_evygtjtut0ccmohgof_1ta00000000.PDF
84913687_SC_INVOICE_vvykz9vpoukszl0n_shxma00000000.PDF,INVOICE,1,3,3,84913687_ORG_evygtjtut0ccmohgof_1ta00000000.PDF
84913687_SC_INVOICE_9uvig8rzqeogfulpowdhcg00000000.PDF,INVOICE,1,4,4,84913687_ORG_evygtjtut0ccmohgof_1ta00000000.PDF
84913687_SC_INVOICE_xxiyj7ffbuw2e7znrtxofa00000000.PDF,INVOICE,1,5,5,84913687_ORG_evygtjtut0ccmohgof_1ta00000000.PDF
84913687_SC_INVOICE_gwsaqcsh3ue5etivyu9+qa00000000.PDF,INVOICE,1,6,6,84913687_ORG_evygtjtut0ccmohgof_1ta00000000.PDF
84913687_SC_INVOICE_16ufbquodkqr14vh5a267q00000000.PDF,INVOICE,1,7,7,84913687_ORG_evygtjtut0ccmohgof_1ta00000000.PDF
84913687_SC_INVOICE_zzpqisgo5kc3wkl8agppig00000000.PDF,INVOICE,1,8,8,84913687_ORG_evygtjtut0ccmohgof_1ta00000000.PDF
82913686_ORG_sgw+phqhg0+mbro9elsxdg00000000.PDF,ORIG,,1,,
82913686_SC_INVOICE_xb8ohp_kqukmkj8fof7tkw00000000.PDF,INVOICE,1,2,2,82913686_ORG_sgw+phqhg0+mbro9elsxdg00000000.PDF
82913686_SC_PACKING LIST_3d1puesbdkkddvczfzsf1g00000000.PDF,PACKING LIST,2,3,4,82913686_ORG_sgw+phqhg0+mbro9elsxdg00000000.PDF
82913686_ORG_tai2awlw4kctsapm5n6vaq00000000.PDF,ORIG,,1,,
82913686_SC_BOL_k4+k_pis90g3nutodu+81g00000000.PDF,BOL,1,1,1,82913686_ORG_tai2awlw4kctsapm5n6vaq00000000.PDF
82913683_ORG_zwmuajnp8km1_zjdqapuuw00000000.PDF,ORIG,,1,,
82913683_SC_BOL_nb4b3hj6nuk1fzagdiesuw00000000.PDF,BOL,1,1,1,82913683_ORG_zwmuajnp8km1_zjdqapuuw00000000.PDF
82913683_SC_INVOICE_jawvpnumseo35kk9+mzj5q00000000.PDF,INVOICE,1,2,2,82913683_ORG_zwmuajnp8km1_zjdqapuuw00000000.PDF
82913683_SC_PACKING LIST_xk6lvrwrlesj7bschr46ba00000000.PDF,PACKING LIST,1,3,3,82913683_ORG_zwmuajnp8km1_zjdqapuuw00000000.PDF
84913205_ORG_lznzl9iah0gk8p_7wbwzvq00000000.PDF,ORIG,,1,,
84913205_SC_PACKING LIST_unnrsbk1zuky7bhvrdihmg00000000.PDF,PACKING LIST,1,1,1,84913205_ORG_lznzl9iah0gk8p_7wbwzvq00000000.PDF
84913205_SC_INVOICE_v1_ojhpl70igu60m9nfboa00000000.PDF,INVOICE,1,2,2,84913205_ORG_lznzl9iah0gk8p_7wbwzvq00000000.PDF
82913685_ORG_nz7zspl_s0alinaqggtupa00000000.PDF,ORIG,,1,,
82913685_SC_BOL_x8sdmftnieqj1m6r75cw1q00000000.PDF,BOL,2,1,2,82913685_ORG_nz7zspl_s0alinaqggtupa00000000.PDF
82913409_ORG_ez07carc30oai2qvc2rutq00000000.PDF,ORIG,,1,,
82913409_SC_OTHER_8dwwv3lsz0aqpligp_19rw00000000.PDF,OTHER,1,1,1,82913409_ORG_ez07carc30oai2qvc2rutq00000000.PDF
81913684_ORG_pif+9fn9a0mlmgsvypjywa00000000.PDF,ORIG,5,1,5,
81913684_SC_INVOICE_walusgxll0o7jqvmdwa30g00000000.PDF,INVOICE,1,1,1,81913684_ORG_pif+9fn9a0mlmgsvypjywa00000000.PDF
81913684_SC_PACKING LIST_toa+7ybez0sf7bfllutcfa00000000.PDF,PACKING LIST,1,2,2,81913684_ORG_pif+9fn9a0mlmgsvypjywa00000000.PDF
81913684_SC_OTHER_7c4ex0cfo0oixyfthveu3q00000000.PDF,OTHER,2,3,4,81913684_ORG_pif+9fn9a0mlmgsvypjywa00000000.PDF
81913684_SC_BOL_2u0u837fluomsdpsa2xb5a00000000.PDF,BOL,1,5,5,81913684_ORG_pif+9fn9a0mlmgsvypjywa00000000.PDF
82908462_ORG_tfddgnu3a0agc9zmbxn+lq00000000.PDF,ORIG,,1,,
82908462_SC_OTHER__mlb34dpg0eef5z3wrt7uq00000000.PDF,OTHER,2,1,2,82908462_ORG_tfddgnu3a0agc9zmbxn+lq00000000.PDF
82913690_ORG_i2jzt1mi_u6qufpnvgq+vw00000000.PDF,ORIG,,1,,
82913690_SC_INVOICE_0lhugkfdaessk2y2nkstgg00000000.PDF,INVOICE,1,2,2,82913690_ORG_i2jzt1mi_u6qufpnvgq+vw00000000.PDF
82913690_SC_PACKING LIST_b47u2kldxeozbtkvlrjnsw00000000.PDF,PACKING LIST,2,3,4,82913690_ORG_i2jzt1mi_u6qufpnvgq+vw00000000.PDF
82913690_ORG_hqxoubblx0imhijafdhegw00000000.PDF,ORIG,,1,,
82913690_SC_BOL_jdbmyhtbuuk2qz4nibq4xw00000000.PDF,BOL,1,1,1,82913690_ORG_hqxoubblx0imhijafdhegw00000000.PDF
82911235_ORG_wlkgb4jkcu6ufevrwexovq00000000.PDF,ORIG,,1,,
82911235_SC_OTHER_7wgrp9zpgk6zhawmwidmdq00000000.PDF,OTHER,2,1,2,82911235_ORG_wlkgb4jkcu6ufevrwexovq00000000.PDF
82912599_ORG_u9itinefikcckz_1emxk4q00000000.PDF,ORIG,,1,,
82912599_SC_INVOICE_jeb9ygzrp0qveoo0dqvjwa00000000.PDF,INVOICE,4,1,4,82912599_ORG_u9itinefikcckz_1emxk4q00000000.PDF
82912599_SC_BOL_wd5zs14hfewha9mrx7kucg00000000.PDF,BOL,4,5,8,82912599_ORG_u9itinefikcckz_1emxk4q00000000.PDF
81913308_ORG_gaedpienxuk0k+nbacp+ra00000000.PDF,ORIG,,1,,
81913308_SC_OTHER_i3+b9pwjfea2dikrdsb1wq00000000.PDF,OTHER,1,1,1,81913308_ORG_gaedpienxuk0k+nbacp+ra00000000.PDF
82912597_ORG_oe70jutka0ke0ax65bztsa00000000.PDF,ORIG,,1,,
82912597_SC_INVOICE__vu9icvid0asjr2rxofszw00000000.PDF,INVOICE,2,1,2,82912597_ORG_oe70jutka0ke0ax65bztsa00000000.PDF
82912597_SC_BOL_4eqo9m3x8uqepnjottev7q00000000.PDF,BOL,3,3,5,82912597_ORG_oe70jutka0ke0ax65bztsa00000000.PDF
82913274_ORG_kg0y_u2jveahzyfcyf6tmq00000000.PDF,ORIG,,1,,
82913274_SC_OTHER_gfiv3izageodbadyvathtw00000000.PDF,OTHER,2,1,2,82913274_ORG_kg0y_u2jveahzyfcyf6tmq00000000.PDF
82913345_ORG_+gk8e3bdb02o8geod0xi8g00000000.PDF,ORIG,,1,,
82913345_SC_OTHER_4em18tmo2uecoxxyher1nw00000000.PDF,OTHER,1,1,1,82913345_ORG_+gk8e3bdb02o8geod0xi8g00000000.PDF
82912601_ORG_drw8we0txki6fr8dibs9ga00000000.PDF,ORIG,,1,,
82912601_SC_INVOICE_i0jivcae+ek1vnu6olbuqa00000000.PDF,INVOICE,3,1,3,82912601_ORG_drw8we0txki6fr8dibs9ga00000000.PDF
82912601_SC_BOL_nscgjhiqze+q8r7c7vn2qa00000000.PDF,BOL,4,4,7,82912601_ORG_drw8we0txki6fr8dibs9ga00000000.PDF
_ORG_tzshp6ikkuqr31mq4iqlcw00000000.PDF,ORIG,,1,,
_SC_INVOICE_qxwuv8we0embje3tjr0ruw00000000.PDF,INVOICE,1,1,1,_ORG_tzshp6ikkuqr31mq4iqlcw00000000.PDF
_SC_PACKING LIST_+y+zxuhk9uuqdfvl+dtssg00000000.PDF,PACKING LIST,1,2,2,_ORG_tzshp6ikkuqr31mq4iqlcw00000000.PDF
84913698_ORG_kcnozcq3kewifwhukar1fa00000000.PDF,ORIG,5,1,5,
84913698_SC_INVOICE_ramxnbdnreoak5yqtyl+ha00000000.PDF,INVOICE,1,1,1,84913698_ORG_kcnozcq3kewifwhukar1fa00000000.PDF
84913698_SC_PACKING LIST_0l4wdojrt0mwmnf5re5enw00000000.PDF,PACKING LIST,1,2,2,84913698_ORG_kcnozcq3kewifwhukar1fa00000000.PDF
82911890_ORG_me_s4ywkvuuj5mrr5i1rug00000000.PDF,ORIG,,1,,
82911890_SC_BOL_2fyh9fpxtkelama_kdpgla00000000.PDF,BOL,2,1,2,82911890_ORG_me_s4ywkvuuj5mrr5i1rug00000000.PDF
82911890_SC_INVOICE_fh4wajnql0mqvtbcvg_1+g00000000.PDF,INVOICE,1,3,3,82911890_ORG_me_s4ywkvuuj5mrr5i1rug00000000.PDF
82911890_SC_INVOICE_0q8lpt4xw0euwfxkkvxseq00000000.PDF,INVOICE,1,4,4,82911890_ORG_me_s4ywkvuuj5mrr5i1rug00000000.PDF
82911890_SC_OTHER_ohlnxnynmuwjdciizzr+pq00000000.PDF,OTHER,1,5,5,82911890_ORG_me_s4ywkvuuj5mrr5i1rug00000000.PDF
82911890_SC_PACKING LIST_cdvvgtvb00i0uxuqo+zmow00000000.PDF,PACKING LIST,2,6,7,82911890_ORG_me_s4ywkvuuj5mrr5i1rug00000000.PDF
82911890_SC_OTHER_qcyiemecauk1xprpr1w8rg00000000.PDF,OTHER,2,8,9,82911890_ORG_me_s4ywkvuuj5mrr5i1rug00000000.PDF
82911890_SC_OTHER_rvfs+oeuxewugbmeidicaq00000000.PDF,OTHER,3,18,20,82911890_ORG_me_s4ywkvuuj5mrr5i1rug00000000.PDF
82907999_ORG_ibybiyqhsu+rplcjuhlg7g00000000.PDF,ORIG,,1,,
82907999_SC_OTHER_q9fyqwzqi0c0uqrs2f5azw00000000.PDF,OTHER,2,1,2,82907999_ORG_ibybiyqhsu+rplcjuhlg7g00000000.PDF
81913709_ORG_wur50hhqsuejsilg4rrlzw00000000.PDF,ORIG,6,1,6,
81913709_SC_INVOICE_ver1up+joughbxsyjsgqjw00000000.PDF,INVOICE,6,1,6,81913709_ORG_wur50hhqsuejsilg4rrlzw00000000.PDF
84913700_ORG_kqdvh2lp9emt0fmjmjhc2g00000000.PDF,ORIG,2,1,2,
84913700_SC_BOL_tmkidgjbfkkmexkok1wafg00000000.PDF,BOL,1,1,1,84913700_ORG_kqdvh2lp9emt0fmjmjhc2g00000000.PDF
81913709_ORG_nmz0k7ftrecc7rsdsrr9vq00000000.PDF,ORIG,2,1,2,
81913709_SC_BOL_pnboqnjjukku_eujgjw2bq00000000.PDF,BOL,1,1,1,81913709_ORG_nmz0k7ftrecc7rsdsrr9vq00000000.PDF
84913700_ORG_k5ln1cv4bueieqzy1y2pyw00000000.PDF,ORIG,2,1,2,
84913700_SC_INVOICE_rai9jpqf_uqsex8zevlmyw00000000.PDF,INVOICE,1,1,1,84913700_ORG_k5ln1cv4bueieqzy1y2pyw00000000.PDF
84913700_SC_PACKING LIST_lbutrmxqa0cpdxoumjpglq00000000.PDF,PACKING LIST,1,2,2,84913700_ORG_k5ln1cv4bueieqzy1y2pyw00000000.PDF
81912517_ORG_nfxuirs9lkin2xeh3osuha00000000.PDF,ORIG,,1,,
81912517_SC_OTHER_cf38arfwi0cg+khnu05iuq00000000.PDF,OTHER,2,1,2,81912517_ORG_nfxuirs9lkin2xeh3osuha00000000.PDF
82912589_ORG_0aynjc2nq0warncak7svgg00000000.PDF,ORIG,,1,,
82912589_SC_INVOICE_97hwupkxa0+yhnpgrplskg00000000.PDF,INVOICE,9,1,9,82912589_ORG_0aynjc2nq0warncak7svgg00000000.PDF
82912589_SC_BOL_5vqtx6syhem6co5smrkpnw00000000.PDF,BOL,6,10,15,82912589_ORG_0aynjc2nq0warncak7svgg00000000.PDF
82913666_ORG_jlfqgff1ougsc8gdzc+oeq00000000.PDF,ORIG,4,1,4,
82913666_SC_INVOICE_fenkqfa6kumg9ytmi+gokw00000000.PDF,INVOICE,1,1,1,82913666_ORG_jlfqgff1ougsc8gdzc+oeq00000000.PDF
82913666_SC_PACKING LIST_bn9vhyefyuwtns3j6o1_xq00000000.PDF,PACKING LIST,3,2,4,82913666_ORG_jlfqgff1ougsc8gdzc+oeq00000000.PDF
82913381_ORG_rrjsksrkle2wbgzbslga7w00000000.PDF,ORIG,3,1,3,
82913381_SC_INVOICE_qy1ceiqjiumhptqa3x_ydw00000000.PDF,INVOICE,2,1,2,82913381_ORG_rrjsksrkle2wbgzbslga7w00000000.PDF
82912246_ORG_icfp2nwq0usrj+b4kuwjiw00000000.PDF,ORIG,,1,,
82912246_SC_OTHER_oshpnowbeu2ao7p0gb3eng00000000.PDF,OTHER,2,1,2,82912246_ORG_icfp2nwq0usrj+b4kuwjiw00000000.PDF
82912112_ORG_ls1u23obiec45n+gw94u5q00000000.PDF,ORIG,,1,,
82912112_SC_OTHER_9ko_w0tgue+vmranvohuhg00000000.PDF,OTHER,2,1,2,82912112_ORG_ls1u23obiec45n+gw94u5q00000000.PDF
82913368_ORG_cnrspwnexeyqa9mv+gf4pa00000000.PDF,ORIG,,1,,
82913368_SC_OTHER_s6ibkdjvakm+8_6rm+22wg00000000.PDF,OTHER,2,1,2,82913368_ORG_cnrspwnexeyqa9mv+gf4pa00000000.PDF
82913381_ORG_4ukobjquik65gvk4oyjjha00000000.PDF,ORIG,2,1,2,
82913381_SC_INVOICE_by5tmxhsi0w50zfk3tbrtw00000000.PDF,INVOICE,1,1,1,82913381_ORG_4ukobjquik65gvk4oyjjha00000000.PDF
82913371_ORG_py1j69a+i0ghxwxedfqaeg00000000.PDF,ORIG,,1,,
82913371_SC_OTHER_knb8lpft9uichr0ygjktwq00000000.PDF,OTHER,2,1,2,82913371_ORG_py1j69a+i0ghxwxedfqaeg00000000.PDF
82913381_ORG_3+q6bkqjskuryptxxge7bq00000000.PDF,ORIG,5,1,5,
82913381_SC_INVOICE_ndnhdagiiesz26tbaq72va00000000.PDF,INVOICE,1,1,1,82913381_ORG_3+q6bkqjskuryptxxge7bq00000000.PDF
82913381_SC_INVOICE_5qiaobd2veux2qlgeb_c4w00000000.PDF,INVOICE,2,3,4,82913381_ORG_3+q6bkqjskuryptxxge7bq00000000.PDF
82912197_ORG_dwi0gw70l02x27hnnasg_g00000000.PDF,ORIG,,1,,
82912197_SC_OTHER_ht+i8h3iduyu1dptnsyviw00000000.PDF,OTHER,2,1,2,82912197_ORG_dwi0gw70l02x27hnnasg_g00000000.PDF
84913551_ORG_yplzxob60kyo9uajufmx4g00000000.PDF,ORIG,,1,,
84913551_SC_BOL_abq30c5igeqly4tndc53ha00000000.PDF,BOL,1,1,1,84913551_ORG_yplzxob60kyo9uajufmx4g00000000.PDF
84913551_SC_INVOICE_r1df1inx4ey7chjulwh2da00000000.PDF,INVOICE,1,2,2,84913551_ORG_yplzxob60kyo9uajufmx4g00000000.PDF
84913551_SC_OTHER_z0en0mmbceojy+pq+wabha00000000.PDF,OTHER,2,3,4,84913551_ORG_yplzxob60kyo9uajufmx4g00000000.PDF
82913381_ORG_eaflh_haekadpnnn+ksfww00000000.PDF,ORIG,8,1,8,
82913381_SC_BOL_gu3x3c7x6uaxkmajcgrk_g00000000.PDF,BOL,5,1,5,82913381_ORG_eaflh_haekadpnnn+ksfww00000000.PDF
82913381_SC_PACKING LIST_gh1dtlivdeeqvsrhxrwl5a00000000.PDF,PACKING LIST,3,6,8,82913381_ORG_eaflh_haekadpnnn+ksfww00000000.PDF
82913041_ORG_5xd_48u3nkswmsgepfsa5a00000000.PDF,ORIG,,1,,
82913041_SC_OTHER_bhn_mvdru0opm65fest7bg00000000.PDF,OTHER,2,1,2,82913041_ORG_5xd_48u3nkswmsgepfsa5a00000000.PDF
82911625_ORG_fqhozf+ql0km7pwrirqzow00000000.PDF,ORIG,,1,,
82911625_SC_OTHER_cfuimktj90epileazmlhla00000000.PDF,OTHER,1,2,2,82911625_ORG_fqhozf+ql0km7pwrirqzow00000000.PDF
82913413_ORG_5p5r4zngreg7y9ws3uptsw00000000.PDF,ORIG,,1,,
82913413_SC_OTHER_ntpndshfwuqs7uy2nlv19g00000000.PDF,OTHER,5,1,5,82913413_ORG_5p5r4zngreg7y9ws3uptsw00000000.PDF
82911398_ORG_d_8d36rc1ecgs0gf82yrya00000000.PDF,ORIG,,1,,
82911398_SC_OTHER_w+3jyiemc0+3rmodeqeosq00000000.PDF,OTHER,2,1,2,82911398_ORG_d_8d36rc1ecgs0gf82yrya00000000.PDF
84913713_ORG_dd0wfegd5eixxogtnc5srg00000000.PDF,ORIG,,1,,
84913713_SC_BOL_rc5sdonsn0se4wbzz3ikow00000000.PDF,BOL,1,1,1,84913713_ORG_dd0wfegd5eixxogtnc5srg00000000.PDF
84913713_SC_INVOICE_dinbs81xwkcshodvnv7jha00000000.PDF,INVOICE,1,8,8,84913713_ORG_dd0wfegd5eixxogtnc5srg00000000.PDF
84913713_SC_INVOICE_dhlxhx3ggeacjmroz_dymw00000000.PDF,INVOICE,1,9,9,84913713_ORG_dd0wfegd5eixxogtnc5srg00000000.PDF
84913713_SC_PACKING LIST_z_wfjlqgykgqruq4tw45oa00000000.PDF,PACKING LIST,5,10,14,84913713_ORG_dd0wfegd5eixxogtnc5srg00000000.PDF
84913713_SC_INVOICE_nzej7g4ytkendr4zn+kj_w00000000.PDF,INVOICE,2,15,16,84913713_ORG_dd0wfegd5eixxogtnc5srg00000000.PDF
82911355_ORG_gqa+yeae10ijvskdqtjdug00000000.PDF,ORIG,,1,,
82911355_SC_OTHER_sk1qkg+xgkk_ywnwpx1kyw00000000.PDF,OTHER,2,1,2,82911355_ORG_gqa+yeae10ijvskdqtjdug00000000.PDF
82912112_ORG__gzcrwtukkiewr7xvdd1+a00000000.PDF,ORIG,,1,,
82912112_SC_OTHER_sprj8qt8hkct4j7c2cd1uq00000000.PDF,OTHER,3,1,3,82912112_ORG__gzcrwtukkiewr7xvdd1+a00000000.PDF
82907877_ORG_6ssb9s0kdkyz4jnb5lvvpg00000000.PDF,ORIG,,1,,
82907877_SC_OTHER_lihwweuouk6ea4klsfcyha00000000.PDF,OTHER,2,1,2,82907877_ORG_6ssb9s0kdkyz4jnb5lvvpg00000000.PDF
82913635_ORG_876elb_k+koxilkbfhrhha00000000.PDF,ORIG,,1,,
82913635_SC_OTHER_ix5eonpge0iu5_tyzasxqq00000000.PDF,OTHER,1,1,1,82913635_ORG_876elb_k+koxilkbfhrhha00000000.PDF
82913015_ORG_vcqxyrsb_uqj_zlrsx719a00000000.PDF,ORIG,,1,,
82913015_SC_OTHER_8cfqr8f7cu62unyihasziq00000000.PDF,OTHER,2,1,2,82913015_ORG_vcqxyrsb_uqj_zlrsx719a00000000.PDF
82912954_ORG_4u6le+uj2e6h7cwriwguig00000000.PDF,ORIG,,1,,
82912954_SC_OTHER_qsinkybev0qqxb7vaawylg00000000.PDF,OTHER,3,1,3,82912954_ORG_4u6le+uj2e6h7cwriwguig00000000.PDF
82908527_ORG_anp8xclrb02mlbdffsdjng00000000.PDF,ORIG,,1,,
82908527_SC_OTHER_hlqu8snpek6k8ktr0pj0sg00000000.PDF,OTHER,4,1,4,82908527_ORG_anp8xclrb02mlbdffsdjng00000000.PDF
82907223_ORG_jbz1qkmti0ouvjzznkhxpq00000000.PDF,ORIG,,1,,
82907223_SC_OTHER_c9ka+0orq0asdcvymfnkpw00000000.PDF,OTHER,3,1,3,82907223_ORG_jbz1qkmti0ouvjzznkhxpq00000000.PDF
84913631_ORG_nb98f9y29ke5b_tneymezw00000000.PDF,ORIG,,1,,
84913631_SC_INVOICE_edu0cpf700+acg9bl_barw00000000.PDF,INVOICE,2,1,2,84913631_ORG_nb98f9y29ke5b_tneymezw00000000.PDF
84913631_SC_PACKING LIST_c7cfu9bluuclxfejctuega00000000.PDF,PACKING LIST,2,3,4,84913631_ORG_nb98f9y29ke5b_tneymezw00000000.PDF
84913632_ORG_eavqqv5t3eoja7uajqyr8w00000000.PDF,ORIG,,1,,
84913632_SC_INVOICE_oj1tjpfvkek1lf2qlzn5_a00000000.PDF,INVOICE,1,1,1,84913632_ORG_eavqqv5t3eoja7uajqyr8w00000000.PDF
84913632_SC_PACKING LIST__wzwqqdiku6rqpjnvw499w00000000.PDF,PACKING LIST,1,2,2,84913632_ORG_eavqqv5t3eoja7uajqyr8w00000000.PDF
82912197_ORG_mawucgeps0qzdieh4njoaa00000000.PDF,ORIG,2,1,2,
82912197_SC_OTHER_ekt39p5fie+gakb8fmsggq00000000.PDF,OTHER,2,1,2,82912197_ORG_mawucgeps0qzdieh4njoaa00000000.PDF
82913371_ORG_cx7ozm5tau2tofzz9jrbwq00000000.PDF,ORIG,2,1,2,
82913371_SC_OTHER_5tirhllwmesyqsqnom4e4a00000000.PDF,OTHER,2,1,2,82913371_ORG_cx7ozm5tau2tofzz9jrbwq00000000.PDF
82912971_ORG_34qaub3fdeaex0e8uwrj0q00000000.PDF,ORIG,4,1,4,
82912971_SC_BOL_njgtlszaxeg66xsdode5ka00000000.PDF,BOL,1,1,1,82912971_ORG_34qaub3fdeaex0e8uwrj0q00000000.PDF
82912971_SC_INVOICE_cxnxlcbmkuyfmkcpuce6_g00000000.PDF,INVOICE,1,2,2,82912971_ORG_34qaub3fdeaex0e8uwrj0q00000000.PDF
82912971_SC_PACKING LIST_bvoglqznzkmysf5nycnnka00000000.PDF,PACKING LIST,2,3,4,82912971_ORG_34qaub3fdeaex0e8uwrj0q00000000.PDF
82913728_ORG_drwokcvsr0er2x41uuihhw00000000.PDF,ORIG,,1,,
82913728_SC_BOL_ytjqazts7eqg6xol5bg4sw00000000.PDF,BOL,2,1,2,82913728_ORG_drwokcvsr0er2x41uuihhw00000000.PDF
82913728_SC_INVOICE_qehjtkui2kmeoqt8vs1dkg00000000.PDF,INVOICE,1,3,3,82913728_ORG_drwokcvsr0er2x41uuihhw00000000.PDF
82913728_SC_PACKING LIST_jlijydojhesnny17u16kxa00000000.PDF,PACKING LIST,1,4,4,82913728_ORG_drwokcvsr0er2x41uuihhw00000000.PDF
82913731_ORG_u5r7tjyv8kwudwjuoja_8w00000000.PDF,ORIG,8,1,8,
82913731_SC_INVOICE_fnetihahougjcwdi_ns6yw00000000.PDF,INVOICE,1,1,1,82913731_ORG_u5r7tjyv8kwudwjuoja_8w00000000.PDF
82913731_SC_PACKING LIST_asyr_f_bl0gugi97rggmkw00000000.PDF,PACKING LIST,2,2,3,82913731_ORG_u5r7tjyv8kwudwjuoja_8w00000000.PDF
84913681_ORG_5k4ydrqvmuos_lmeasztkw00000000.PDF,ORIG,,1,,
84913681_SC_INVOICE_ufqox79iz0uo55fnaulk3a00000000.PDF,INVOICE,2,3,4,84913681_ORG_5k4ydrqvmuos_lmeasztkw00000000.PDF
84913681_SC_PACKING LIST_8ukhxqcbruagmsolaeovew00000000.PDF,PACKING LIST,1,5,5,84913681_ORG_5k4ydrqvmuos_lmeasztkw00000000.PDF
82913015_ORG_jgjqoltoh0c8knajngpfoq00000000.PDF,ORIG,,1,,
82913015_SC_PACKING LIST_dvbu92a8seqzw3cdf6s6qw00000000.PDF,PACKING LIST,1,4,4,82913015_ORG_jgjqoltoh0c8knajngpfoq00000000.PDF
84913400_ORG_tyvsoymud0mjwpzuaydupa00000000.PDF,ORIG,,1,,
84913400_SC_OTHER_qjjukvs71u6ctsxo5rzqhq00000000.PDF,OTHER,1,1,1,84913400_ORG_tyvsoymud0mjwpzuaydupa00000000.PDF
84913400_SC_BOL_v85ct7qnne+lcp_jgaeboq00000000.PDF,BOL,2,2,3,84913400_ORG_tyvsoymud0mjwpzuaydupa00000000.PDF
84913400_SC_INVOICE_dbvpszjgyku9ez+vctnvhq00000000.PDF,INVOICE,1,4,4,84913400_ORG_tyvsoymud0mjwpzuaydupa00000000.PDF
82913518_ORG_7dwwgerppegrfrkcjxwyvg00000000.PDF,ORIG,,1,,
82913518_SC_OTHER_zbcwcwufp0ckym760h6t1q00000000.PDF,OTHER,4,1,4,82913518_ORG_7dwwgerppegrfrkcjxwyvg00000000.PDF
84913711_ORG_rusqzpvbyuqpnrubsf2rjw00000000.PDF,ORIG,,1,,
84913711_SC_BOL_ma6v6vck2ucipdxq0b7lrq00000000.PDF,BOL,1,1,1,84913711_ORG_rusqzpvbyuqpnrubsf2rjw00000000.PDF
84913711_ORG_xwqecimhn0ea_lwz7dyccg00000000.PDF,ORIG,,1,,
84913711_SC_INVOICE_naz70zzui0cam3a7u6zm5g00000000.PDF,INVOICE,2,1,2,84913711_ORG_xwqecimhn0ea_lwz7dyccg00000000.PDF
84913711_ORG_dlbcdyi5keoedxdcnwmdra00000000.PDF,ORIG,,1,,
84913711_SC_PACKING LIST_amuxlrbl9ucsunm+0sqfja00000000.PDF,PACKING LIST,1,1,1,84913711_ORG_dlbcdyi5keoedxdcnwmdra00000000.PDF
82913224_ORG_+1w_okoql06kgz55qs+6jw00000000.PDF,ORIG,,1,,
82913224_SC_OTHER_+aasvo5jeueoei98up4a9w00000000.PDF,OTHER,4,1,4,82913224_ORG_+1w_okoql06kgz55qs+6jw00000000.PDF
82912471_ORG_h6b0hybc20qzu75acpja0g00000000.PDF,ORIG,,1,,
82912471_SC_OTHER_da9lovyudem88etchil9mq00000000.PDF,OTHER,4,1,4,82912471_ORG_h6b0hybc20qzu75acpja0g00000000.PDF
82909555_ORG_6n3mgzmzu0aaek5crwugfq00000000.PDF,ORIG,,1,,
82909555_SC_OTHER_d9kkwqfwvegdkdpbphschq00000000.PDF,OTHER,3,1,3,82909555_ORG_6n3mgzmzu0aaek5crwugfq00000000.PDF
84913529_ORG_rgnvhjbnluw9rqnawusoqg00000000.PDF,ORIG,4,1,4,
84913529_SC_INVOICE_yu+mboet9ushetxo7afr9w00000000.PDF,INVOICE,2,1,2,84913529_ORG_rgnvhjbnluw9rqnawusoqg00000000.PDF
84913529_SC_BOL_mkcaciqixegzr8hqq4a9mw00000000.PDF,BOL,2,3,4,84913529_ORG_rgnvhjbnluw9rqnawusoqg00000000.PDF
82913740_ORG_jp6qqcqpi0yovo_4eexicq00000000.PDF,ORIG,,1,,
82913740_SC_PACKING LIST_1klhipb5cuavydnsabhr_a00000000.PDF,PACKING LIST,1,1,1,82913740_ORG_jp6qqcqpi0yovo_4eexicq00000000.PDF
82913740_SC_INVOICE_9oimfrg220glqcjcvsw0_a00000000.PDF,INVOICE,1,2,2,82913740_ORG_jp6qqcqpi0yovo_4eexicq00000000.PDF
82907757_ORG_vx1rvrbz4ewwksh+3s42nw00000000.PDF,ORIG,,1,,
82907757_SC_OTHER_5nt5rslnv0m4kgr0ndqqvg00000000.PDF,OTHER,2,1,2,82907757_ORG_vx1rvrbz4ewwksh+3s42nw00000000.PDF
84913531_ORG_uclwpbihj0moac60w3pesq00000000.PDF,ORIG,6,1,6,
84913531_SC_INVOICE_bauifejqoega6elatkddow00000000.PDF,INVOICE,2,1,2,84913531_ORG_uclwpbihj0moac60w3pesq00000000.PDF
84913531_SC_PACKING LIST_m6iudkjekusz2+srwd73tq00000000.PDF,PACKING LIST,2,3,4,84913531_ORG_uclwpbihj0moac60w3pesq00000000.PDF
84913531_SC_BOL_zqjzohpc70kc7cnk2jx6jq00000000.PDF,BOL,2,5,6,84913531_ORG_uclwpbihj0moac60w3pesq00000000.PDF
82913031_ORG_87cftyisekkmmfwlnvnldg00000000.PDF,ORIG,,1,,
82913031_SC_OTHER_qzvvonys2uqxgquhlpwrvq00000000.PDF,OTHER,2,1,2,82913031_ORG_87cftyisekkmmfwlnvnldg00000000.PDF
81913746_ORG_kngrq7lmhesm7qjfn0bmdw00000000.PDF,ORIG,,1,,
81913746_SC_INVOICE_6lhef4jl4eojxfctbwgcmw00000000.PDF,INVOICE,2,1,2,81913746_ORG_kngrq7lmhesm7qjfn0bmdw00000000.PDF
81913746_SC_PACKING LIST_noq7bt+4aucfaydrbw+isa00000000.PDF,PACKING LIST,2,3,4,81913746_ORG_kngrq7lmhesm7qjfn0bmdw00000000.PDF
81913746_ORG_ypi0rt8rn0i+jt8m0pwqhg00000000.PDF,ORIG,,1,,
81913746_SC_BOL_gd3jkajv7ew9g6aa8uw9dg00000000.PDF,BOL,1,1,1,81913746_ORG_ypi0rt8rn0i+jt8m0pwqhg00000000.PDF
81913008_ORG_gcdfkpspkkifxcyrevjc7w00000000.PDF,ORIG,,1,,
81913008_SC_BOL_5kqqmgxxyego0auf5ul+ea00000000.PDF,BOL,1,1,1,81913008_ORG_gcdfkpspkkifxcyrevjc7w00000000.PDF
81913008_SC_INVOICE_fbgkeqbsd0ctx0pp+yqtmg00000000.PDF,INVOICE,2,2,3,81913008_ORG_gcdfkpspkkifxcyrevjc7w00000000.PDF
81913008_SC_PACKING LIST_ncedgk9pq0+1errk4fnrhw00000000.PDF,PACKING LIST,2,4,5,81913008_ORG_gcdfkpspkkifxcyrevjc7w00000000.PDF
82912420_ORG_rhoyyvzznks7vl8ov0h6vw00000000.PDF,ORIG,,1,,
82912420_SC_OTHER_mvhefmi0c0e+qe9hzvze9g00000000.PDF,OTHER,2,1,2,82912420_ORG_rhoyyvzznks7vl8ov0h6vw00000000.PDF
82913721_ORG_ngizbndj9uqo6c4bentlww00000000.PDF,ORIG,4,1,4,
82913721_SC_PACKING LIST_czgh+7b5xeutqmgpyj8t5g00000000.PDF,PACKING LIST,1,2,2,82913721_ORG_ngizbndj9uqo6c4bentlww00000000.PDF
84913745_ORG_pzynz8cp20mbunz9kcjeka00000000.PDF,ORIG,,1,,
84913745_SC_BOL_l4obgh8hn0abvz8q2fuoua00000000.PDF,BOL,2,1,2,84913745_ORG_pzynz8cp20mbunz9kcjeka00000000.PDF
84913745_SC_INVOICE_gvmtkzarcei7jnaa1gguma00000000.PDF,INVOICE,7,3,9,84913745_ORG_pzynz8cp20mbunz9kcjeka00000000.PDF
84913745_SC_PACKING LIST_pyhnmxz1xu6secmldwkamg00000000.PDF,PACKING LIST,1,10,10,84913745_ORG_pzynz8cp20mbunz9kcjeka00000000.PDF
82912003_ORG_tmul3bpnxu+eizho+ux7gg00000000.PDF,ORIG,,1,,
82912003_SC_OTHER_fdvqndebwuqtbqfgg5zgnw00000000.PDF,OTHER,1,2,2,82912003_ORG_tmul3bpnxu+eizho+ux7gg00000000.PDF
82913642_ORG_vmj9t7fgieckxactrl8oaa00000000.PDF,ORIG,,1,,
82913642_SC_OTHER_842xvnzd4e2ukhjadmqytw00000000.PDF,OTHER,1,1,1,82913642_ORG_vmj9t7fgieckxactrl8oaa00000000.PDF
82912610_ORG_pdyhqst4vegyse_q09b70g00000000.PDF,ORIG,3,1,3,
82912610_SC_INVOICE_kgcrum1y7uezq9yyehdeuq00000000.PDF,INVOICE,1,1,1,82912610_ORG_pdyhqst4vegyse_q09b70g00000000.PDF
82912610_SC_BOL_mfdebhverukrbrbbeargpa00000000.PDF,BOL,1,3,3,82912610_ORG_pdyhqst4vegyse_q09b70g00000000.PDF
82913162_ORG_lrxxajioo02dzcxe4xfdtq00000000.PDF,ORIG,,1,,
82913162_SC_OTHER_sxupyj+bvuorat+oynowzw00000000.PDF,OTHER,5,1,5,82913162_ORG_lrxxajioo02dzcxe4xfdtq00000000.PDF
82913706_ORG_udt0nrlmg0szmtgmfrkgjg00000000.PDF,ORIG,,1,,
82913706_SC_OTHER_7insyqo2luoyyqjo5rkdbq00000000.PDF,OTHER,4,1,4,82913706_ORG_udt0nrlmg0szmtgmfrkgjg00000000.PDF
82913480_ORG_knqapaciae2qsx6g9af9cg00000000.PDF,ORIG,,1,,
82913480_SC_OTHER_qrmzhsiufuy6ouquso3kta00000000.PDF,OTHER,3,2,4,82913480_ORG_knqapaciae2qsx6g9af9cg00000000.PDF
82913773_ORG_9gepg0dhck+ew0c0oikdka00000000.PDF,ORIG,,1,,
82913773_SC_PACKING LIST_wha6cml06uq8h3ycobqmuw00000000.PDF,PACKING LIST,1,1,1,82913773_ORG_9gepg0dhck+ew0c0oikdka00000000.PDF
82913773_SC_INVOICE_lgx4so5hiuix7cy9twxtbg00000000.PDF,INVOICE,1,2,2,82913773_ORG_9gepg0dhck+ew0c0oikdka00000000.PDF
82913773_SC_BOL_5cqxqk4mweqcaegbpp1fag00000000.PDF,BOL,2,3,4,82913773_ORG_9gepg0dhck+ew0c0oikdka00000000.PDF
81908565_ORG_35u7egxmhuaztdjxu1oghg00000000.PDF,ORIG,,1,,
81908565_SC_OTHER_t9rh4xkr4e2v7zboj7zfjg00000000.PDF,OTHER,1,1,1,81908565_ORG_35u7egxmhuaztdjxu1oghg00000000.PDF
84913756_ORG_bunkf+p86kow04tk5f4j7g00000000.PDF,ORIG,,1,,
84913756_SC_BOL_ddgaxh4i8u6d2mywqov_3w00000000.PDF,BOL,1,1,1,84913756_ORG_bunkf+p86kow04tk5f4j7g00000000.PDF
84913757_ORG_ciznuut8_emsx8uesxw5qq00000000.PDF,ORIG,,1,,
84913757_SC_INVOICE_gd_aaai+5kuto3jloajr0q00000000.PDF,INVOICE,4,1,4,84913757_ORG_ciznuut8_emsx8uesxw5qq00000000.PDF
84913757_ORG_dhig86h_vuqqy8wzz3zxwq00000000.PDF,ORIG,,1,,
84913757_SC_BOL_xvl1dmprfu+33ymosbnqza00000000.PDF,BOL,1,1,1,84913757_ORG_dhig86h_vuqqy8wzz3zxwq00000000.PDF
84913757_ORG_d2ie2kuemuy8ape9t9km+w00000000.PDF,ORIG,,1,,
84913757_SC_PACKING LIST_kk85ln8w6uaflngopb3fpg00000000.PDF,PACKING LIST,2,1,2,84913757_ORG_d2ie2kuemuy8ape9t9km+w00000000.PDF
82913398_ORG_jnxvwp8vxkig8j3f55uvpa00000000.PDF,ORIG,,1,,
82913398_SC_OTHER_xk3wn8spek6zlla7prqlqa00000000.PDF,OTHER,2,1,2,82913398_ORG_jnxvwp8vxkig8j3f55uvpa00000000.PDF
84913024_ORG_ucxphjme4ugtwm2hu1ce6g00000000.PDF,ORIG,,1,,
84913024_SC_INVOICE_ubf1f24vh0acdkvrv8hr8a00000000.PDF,INVOICE,1,1,1,84913024_ORG_ucxphjme4ugtwm2hu1ce6g00000000.PDF
84913024_SC_PACKING LIST_9ev8k5clieuebj62uixbgg00000000.PDF,PACKING LIST,1,2,2,84913024_ORG_ucxphjme4ugtwm2hu1ce6g00000000.PDF
82913421_ORG_hb6scrmboum1keldg2y4gg00000000.PDF,ORIG,2,1,2,
82913421_SC_OTHER_syz6fv3eskytxpqxypnulq00000000.PDF,OTHER,2,1,2,82913421_ORG_hb6scrmboum1keldg2y4gg00000000.PDF
84913794_ORG_fo7wz88gpkg2+isx3y+8ma00000000.PDF,ORIG,2,1,2,
84913794_SC_BOL_cubfeg9mauunakxs7zwyqq00000000.PDF,BOL,1,1,1,84913794_ORG_fo7wz88gpkg2+isx3y+8ma00000000.PDF
81913796_ORG_t6ngzpnvl0kdjtgwsrehhg00000000.PDF,ORIG,3,1,3,
81913796_SC_INVOICE_p2ksaljgcusu96md7b0ftw00000000.PDF,INVOICE,1,1,1,81913796_ORG_t6ngzpnvl0kdjtgwsrehhg00000000.PDF
81913796_SC_PACKING LIST_cdbvjbapieimantfsdf_na00000000.PDF,PACKING LIST,1,2,2,81913796_ORG_t6ngzpnvl0kdjtgwsrehhg00000000.PDF
81913796_SC_BOL_tkameslerkkgevkltkvv0g00000000.PDF,BOL,1,3,3,81913796_ORG_t6ngzpnvl0kdjtgwsrehhg00000000.PDF
81912033_ORG_jrsf1uslrk2sz0lqwpflla00000000.PDF,ORIG,4,1,4,
81912033_SC_OTHER_r8rn8knbouytjswc9jzvca00000000.PDF,OTHER,1,4,4,81912033_ORG_jrsf1uslrk2sz0lqwpflla00000000.PDF
84913794_ORG_jyawndtoiewx4iwtf8ivhg00000000.PDF,ORIG,2,1,2,
84913794_SC_INVOICE_hcudmhvgl0gz2k1za8qerw00000000.PDF,INVOICE,1,1,1,84913794_ORG_jyawndtoiewx4iwtf8ivhg00000000.PDF
82909563_ORG_1clwak0iveqtzzk+vqiz7w00000000.PDF,ORIG,7,1,7,
82909563_SC_BOL_1whma5jv1kemlxk49vo8hg00000000.PDF,BOL,1,1,1,82909563_ORG_1clwak0iveqtzzk+vqiz7w00000000.PDF
82909563_SC_INVOICE_ftyptdoptumoelwo9kx4sg00000000.PDF,INVOICE,1,2,2,82909563_ORG_1clwak0iveqtzzk+vqiz7w00000000.PDF
82909563_SC_PACKING LIST_lavkewerveuzbsivbf0fgq00000000.PDF,PACKING LIST,1,3,3,82909563_ORG_1clwak0iveqtzzk+vqiz7w00000000.PDF
82909563_SC_OTHER_afjh3w4zdkoy0aulsabejq00000000.PDF,OTHER,4,4,7,82909563_ORG_1clwak0iveqtzzk+vqiz7w00000000.PDF
81913070_ORG_4hjfuqedhk28ttqt_97ejg00000000.PDF,ORIG,,1,,
81913070_SC_OTHER_6pyecyzme0s380vvloib9a00000000.PDF,OTHER,3,1,3,81913070_ORG_4hjfuqedhk28ttqt_97ejg00000000.PDF
82913630_ORG_wpqv7rxvxkwait65o9wjna00000000.PDF,ORIG,,1,,
82913630_SC_OTHER_r8a3jfj6hegv31ym7wuagg00000000.PDF,OTHER,2,1,2,82913630_ORG_wpqv7rxvxkwait65o9wjna00000000.PDF
84913812_ORG_b2ngtxyyh0cifqov9puk7a00000000.PDF,ORIG,,1,,
84913812_SC_BOL_nitauircxksmsopkhr50_w00000000.PDF,BOL,1,1,1,84913812_ORG_b2ngtxyyh0cifqov9puk7a00000000.PDF
84913812_ORG_6tth+2+_aecnr6+cog4k2q00000000.PDF,ORIG,,1,,
84913812_SC_INVOICE_0mxm89rfju2x0jhzuuce2w00000000.PDF,INVOICE,9,1,9,84913812_ORG_6tth+2+_aecnr6+cog4k2q00000000.PDF
84913813_ORG_duwfty3wh0olnnjf4pmumg00000000.PDF,ORIG,,1,,
84913813_SC_INVOICE_mfi7ttzkueelth7wg5vgcq00000000.PDF,INVOICE,4,1,4,84913813_ORG_duwfty3wh0olnnjf4pmumg00000000.PDF
84913813_ORG_13qhqorq+0cp687qaesckq00000000.PDF,ORIG,,1,,
84913813_SC_BOL_vyqfr6aovuimfdumyhbv4q00000000.PDF,BOL,1,1,1,84913813_ORG_13qhqorq+0cp687qaesckq00000000.PDF
82911924_ORG_eixmprstdukglxbim_n0ug00000000.PDF,ORIG,,1,,
82911924_SC_OTHER_cpj07eoxl0wxoihiihz_gq00000000.PDF,OTHER,2,1,2,82911924_ORG_eixmprstdukglxbim_n0ug00000000.PDF
84913814_ORG_jc4cvlxfqu2odepj8dmlxw00000000.PDF,ORIG,,1,,
84913814_SC_BOL_jinly3cekeilhrlpemzltw00000000.PDF,BOL,1,1,1,84913814_ORG_jc4cvlxfqu2odepj8dmlxw00000000.PDF
82913301_ORG_2i2lj9_rmes4f2nytpgl0g00000000.PDF,ORIG,,1,,
82913301_SC_OTHER_qunhyzx61ecodptvl+j+ta00000000.PDF,OTHER,2,1,2,82913301_ORG_2i2lj9_rmes4f2nytpgl0g00000000.PDF
82913361_ORG_por_wfqgxewexarnvpdqhw00000000.PDF,ORIG,,1,,
82913361_SC_OTHER_ovhrgnmhkkazuxg9qnqydg00000000.PDF,OTHER,2,1,2,82913361_ORG_por_wfqgxewexarnvpdqhw00000000.PDF
82913360_ORG_whss_6ajmeql9s6wzuf_7a00000000.PDF,ORIG,,1,,
82913360_SC_OTHER_10rq3vn+n066xnrws2049g00000000.PDF,OTHER,2,1,2,82913360_ORG_whss_6ajmeql9s6wzuf_7a00000000.PDF
84913818_ORG_x6fer2igwugfv8evjtqtxq00000000.PDF,ORIG,,1,,
84913818_SC_INVOICE_in6vp8mfh0eyauvjspigdw00000000.PDF,INVOICE,6,1,6,84913818_ORG_x6fer2igwugfv8evjtqtxq00000000.PDF
84913818_ORG_bixv3apvn0ybz4al0noomw00000000.PDF,ORIG,,1,,
84913818_SC_BOL_jjtfjiynjueysiuqs9ex9w00000000.PDF,BOL,1,1,1,84913818_ORG_bixv3apvn0ybz4al0noomw00000000.PDF
82913357_ORG_nm3zvsudy0qrkfrj23h9nq00000000.PDF,ORIG,,1,,
82913357_SC_OTHER_ycunhm6+cuovwskqiwdi_a00000000.PDF,OTHER,2,1,2,82913357_ORG_nm3zvsudy0qrkfrj23h9nq00000000.PDF
82913362_ORG_j4uahtymquoqd1lexgmjdq00000000.PDF,ORIG,,1,,
82913362_SC_OTHER_7riyvzb4gewg4+_mo5bjjg00000000.PDF,OTHER,2,1,2,82913362_ORG_j4uahtymquoqd1lexgmjdq00000000.PDF
82913303_ORG_cn4dam4dzeuxpmnrmihmaq00000000.PDF,ORIG,,1,,
82913303_SC_OTHER_neo4hmy0peif6+suvy9tag00000000.PDF,OTHER,2,1,2,82913303_ORG_cn4dam4dzeuxpmnrmihmaq00000000.PDF
82913336_ORG_1csxohropucy13rvzb4p+q00000000.PDF,ORIG,,1,,
82913336_SC_OTHER_633ur+sfsewwpi2qpdnoba00000000.PDF,OTHER,1,2,2,82913336_ORG_1csxohropucy13rvzb4p+q00000000.PDF
82913427_ORG_wj+emvhktu6ucrsybi18hw00000000.PDF,ORIG,,1,,
82913427_SC_INVOICE_88mkqhrcqk2zxz_1z5qbjq00000000.PDF,INVOICE,3,1,3,82913427_ORG_wj+emvhktu6ucrsybi18hw00000000.PDF
82913427_SC_BOL_upwtsgumsuonyd+bu6+3yg00000000.PDF,BOL,2,4,5,82913427_ORG_wj+emvhktu6ucrsybi18hw00000000.PDF
82913821_ORG_esyzjggghkeq3kzdxltrsg00000000.PDF,ORIG,,1,,
82913821_SC_OTHER_7qafyazzremraxbubuccpw00000000.PDF,OTHER,1,1,1,82913821_ORG_esyzjggghkeq3kzdxltrsg00000000.PDF
82913821_SC_BOL_vcvvj_0zreype3zzjgijyq00000000.PDF,BOL,3,2,4,82913821_ORG_esyzjggghkeq3kzdxltrsg00000000.PDF
82913821_SC_INVOICE_tetg+2jgyks58uaiuyuqhw00000000.PDF,INVOICE,1,5,5,82913821_ORG_esyzjggghkeq3kzdxltrsg00000000.PDF
82913821_SC_PACKING LIST_zej9zxcpe0amvoe6arnx8g00000000.PDF,PACKING LIST,4,6,9,82913821_ORG_esyzjggghkeq3kzdxltrsg00000000.PDF
82913821_SC_PACKING LIST_5nomx5fog0gezwfca9yq6g00000000.PDF,PACKING LIST,1,10,10,82913821_ORG_esyzjggghkeq3kzdxltrsg00000000.PDF
82913821_SC_OTHER_5fq3alyt8e21c6alnhqkhg00000000.PDF,OTHER,8,11,18,82913821_ORG_esyzjggghkeq3kzdxltrsg00000000.PDF
84913822_ORG_fyshgo4psugm8mow4xg2fa00000000.PDF,ORIG,,1,,
84913822_SC_BOL_qmnecxjmr0wsezrp1xvpaq00000000.PDF,BOL,1,1,1,84913822_ORG_fyshgo4psugm8mow4xg2fa00000000.PDF
84913822_SC_INVOICE_h_wylur1ouwyyevopmv41g00000000.PDF,INVOICE,2,2,3,84913822_ORG_fyshgo4psugm8mow4xg2fa00000000.PDF
84913822_SC_PACKING LIST_vvtu7gkxqew0zc2xcgp9sg00000000.PDF,PACKING LIST,1,4,4,84913822_ORG_fyshgo4psugm8mow4xg2fa00000000.PDF
82911325_ORG_xiugo5zi50gckp7d413iaw00000000.PDF,ORIG,,1,,
82911325_SC_OTHER_r6hjcc4suumutvortymhtq00000000.PDF,OTHER,3,1,3,82911325_ORG_xiugo5zi50gckp7d413iaw00000000.PDF
82913088_ORG_lwl2wwpvzu2gbxuxr_dc1g00000000.PDF,ORIG,,1,,
82913088_SC_OTHER_cwbpj_nlzewgdprxhomcna00000000.PDF,OTHER,2,1,2,82913088_ORG_lwl2wwpvzu2gbxuxr_dc1g00000000.PDF
82913824_ORG_++abhw_tyuyq3tkgxqisyg00000000.PDF,ORIG,,1,,
82913824_SC_OTHER_547wiwctaksc1i0ihfrmmq00000000.PDF,OTHER,1,1,1,82913824_ORG_++abhw_tyuyq3tkgxqisyg00000000.PDF
82913824_SC_BOL_bzfo6mlln0y91ig3uxlgza00000000.PDF,BOL,2,2,3,82913824_ORG_++abhw_tyuyq3tkgxqisyg00000000.PDF
82913824_SC_INVOICE_b+zttfand02wjcdy1utfzq00000000.PDF,INVOICE,2,4,5,82913824_ORG_++abhw_tyuyq3tkgxqisyg00000000.PDF
82913824_SC_PACKING LIST_o4h4ldhcre+r9f8jyzko6w00000000.PDF,PACKING LIST,1,6,6,82913824_ORG_++abhw_tyuyq3tkgxqisyg00000000.PDF
82913824_SC_OTHER_v0tn8wr3uu61eh84ll9yga00000000.PDF,OTHER,2,7,8,82913824_ORG_++abhw_tyuyq3tkgxqisyg00000000.PDF
82913823_ORG_9vt4ywp0oeg_hn4m46uv0g00000000.PDF,ORIG,,1,,
82913823_SC_INVOICE_oazxpkda4kmnwxdx6xo0cq00000000.PDF,INVOICE,2,1,2,82913823_ORG_9vt4ywp0oeg_hn4m46uv0g00000000.PDF
82913823_SC_PACKING LIST_gidlwjs1ikoiksp0misamg00000000.PDF,PACKING LIST,1,8,8,82913823_ORG_9vt4ywp0oeg_hn4m46uv0g00000000.PDF
82913823_ORG_qnmoncnvge694hvwv49jqg00000000.PDF,ORIG,,1,,
82913823_SC_BOL_lyjvhwsbzu+5d4wpjlpa4w00000000.PDF,BOL,1,1,1,82913823_ORG_qnmoncnvge694hvwv49jqg00000000.PDF
82913826_ORG_au3w0szb4ee084tokkeu2w00000000.PDF,ORIG,,1,,
82913826_SC_INVOICE_yukbd9le+uce2_bywuyr9w00000000.PDF,INVOICE,2,1,2,82913826_ORG_au3w0szb4ee084tokkeu2w00000000.PDF
82913826_SC_PACKING LIST_6e9fxdizbesulkxjsgs5uq00000000.PDF,PACKING LIST,1,8,8,82913826_ORG_au3w0szb4ee084tokkeu2w00000000.PDF
82913826_ORG_qirsyzowye6ez2la9io7ig00000000.PDF,ORIG,,1,,
82913826_SC_BOL_lbdtllyljequbppjlbmnqg00000000.PDF,BOL,2,1,2,82913826_ORG_qirsyzowye6ez2la9io7ig00000000.PDF
82913742_ORG_zjhzsxjpdkmrwojwdrysgw00000000.PDF,ORIG,,1,,
82913742_SC_OTHER_bbe_kb4ej0u8uttmt9nj+q00000000.PDF,OTHER,3,1,3,82913742_ORG_zjhzsxjpdkmrwojwdrysgw00000000.PDF
82913828_ORG_xbd2reykakywocwd2mduhq00000000.PDF,ORIG,,1,,
82913828_SC_INVOICE_y4aeyf3tkuq66ijhi6l8yw00000000.PDF,INVOICE,2,1,2,82913828_ORG_xbd2reykakywocwd2mduhq00000000.PDF
82913828_SC_PACKING LIST_dwthvq+tsegqopm0u83fnw00000000.PDF,PACKING LIST,1,6,6,82913828_ORG_xbd2reykakywocwd2mduhq00000000.PDF
82913828_ORG_r7lp0pmctugncsyiqbswga00000000.PDF,ORIG,,1,,
82913828_SC_BOL_1h8pwu6vbkwtcxlzggz0cg00000000.PDF,BOL,2,1,2,82913828_ORG_r7lp0pmctugncsyiqbswga00000000.PDF
82912430_ORG_hzmmxuoikukrlgwlb7dvnw00000000.PDF,ORIG,,1,,
82912430_SC_OTHER_akdr00yu3kglpngdiwdtmw00000000.PDF,OTHER,2,1,2,82912430_ORG_hzmmxuoikukrlgwlb7dvnw00000000.PDF
82912427_ORG_rie8suwkdumutk+u8vh6ww00000000.PDF,ORIG,,1,,
82912427_SC_OTHER_jf+t_ctyqe6mysneqma6+w00000000.PDF,OTHER,2,1,2,82912427_ORG_rie8suwkdumutk+u8vh6ww00000000.PDF
82912411_ORG_js3f3pkrve6zomwqmneeya00000000.PDF,ORIG,,1,,
82912411_SC_OTHER_9tvsdhiaruybew7eiqjp_q00000000.PDF,OTHER,2,1,2,82912411_ORG_js3f3pkrve6zomwqmneeya00000000.PDF
82912434_ORG_fufy4gvouu6xdwhh74efxw00000000.PDF,ORIG,,1,,
82912434_SC_OTHER_rojopjhbf0cp8flvaanbqa00000000.PDF,OTHER,2,1,2,82912434_ORG_fufy4gvouu6xdwhh74efxw00000000.PDF
82908522_ORG_qymf1x3rveocl_dteuc5yw00000000.PDF,ORIG,,1,,
82908522_SC_OTHER_ssumbixli0+kl4nltxqr6q00000000.PDF,OTHER,3,1,3,82908522_ORG_qymf1x3rveocl_dteuc5yw00000000.PDF
82913831_ORG_k3yat18gaektknzjvpeunw00000000.PDF,ORIG,,1,,
82913831_SC_OTHER_6rtrf2mj7esd6qgxm7tbyw00000000.PDF,OTHER,1,1,1,82913831_ORG_k3yat18gaektknzjvpeunw00000000.PDF
82913831_SC_BOL_yj6tmwppx0wwjtw+8jfyxq00000000.PDF,BOL,3,2,4,82913831_ORG_k3yat18gaektknzjvpeunw00000000.PDF
82913831_SC_INVOICE_ncvdhs9dmesyc0fuf1icoq00000000.PDF,INVOICE,2,5,6,82913831_ORG_k3yat18gaektknzjvpeunw00000000.PDF
82913831_SC_PACKING LIST_86sqvzi5heoufkqymxck0a00000000.PDF,PACKING LIST,1,7,7,82913831_ORG_k3yat18gaektknzjvpeunw00000000.PDF
82913831_SC_OTHER_jxfak9_u50i0p0n2l3hxcw00000000.PDF,OTHER,2,8,9,82913831_ORG_k3yat18gaektknzjvpeunw00000000.PDF
82912639_ORG_nogzyaa1uk6shyjdt33pzw00000000.PDF,ORIG,,1,,
82912639_SC_OTHER_zqslqpamnk6a8ixu5gbl3w00000000.PDF,OTHER,1,1,1,82912639_ORG_nogzyaa1uk6shyjdt33pzw00000000.PDF
82913642_ORG_1bsmfnhdlewr6v1hdgqshg00000000.PDF,ORIG,,1,,
82913642_SC_OTHER_dm6wtcyfiuospxfd7zapdq00000000.PDF,OTHER,1,1,1,82913642_ORG_1bsmfnhdlewr6v1hdgqshg00000000.PDF
82913664_ORG_dgs6frq4jussyugxvcydow00000000.PDF,ORIG,,1,,
82913664_SC_OTHER_zbdqmjacp0ax9q7_rz1ufw00000000.PDF,OTHER,2,1,2,82913664_ORG_dgs6frq4jussyugxvcydow00000000.PDF
82907815_ORG_1c7f6zica0+nvitt8recza00000000.PDF,ORIG,,1,,
82907815_SC_OTHER_ab_q16aq6kkomwuslwprew00000000.PDF,OTHER,4,1,4,82907815_ORG_1c7f6zica0+nvitt8recza00000000.PDF
82912953_ORG__zn7nq_4re+y5yjjfbho5a00000000.PDF,ORIG,,1,,
82912953_SC_OTHER_oomqzcf9nuaoaeza4fpgug00000000.PDF,OTHER,1,1,1,82912953_ORG__zn7nq_4re+y5yjjfbho5a00000000.PDF
82913834_ORG_wd_dnh3m6kgwffuim7dwjw00000000.PDF,ORIG,,1,,
82913834_SC_OTHER_h8gsgd49iu+2agzec_hsoq00000000.PDF,OTHER,1,1,1,82913834_ORG_wd_dnh3m6kgwffuim7dwjw00000000.PDF
82913834_SC_BOL_3sd1fj3nm0uziqwdkd1hbw00000000.PDF,BOL,2,2,3,82913834_ORG_wd_dnh3m6kgwffuim7dwjw00000000.PDF
82913834_SC_INVOICE_ucbhwu5hmu+vjyswsa8fxg00000000.PDF,INVOICE,2,4,5,82913834_ORG_wd_dnh3m6kgwffuim7dwjw00000000.PDF
82913834_SC_PACKING LIST_mgh0vbwgpe+08mobgy3iiq00000000.PDF,PACKING LIST,1,6,6,82913834_ORG_wd_dnh3m6kgwffuim7dwjw00000000.PDF
82913834_SC_OTHER_ex6z3o6m8kmuw_ntkqdpuq00000000.PDF,OTHER,2,7,8,82913834_ORG_wd_dnh3m6kgwffuim7dwjw00000000.PDF
82911085_ORG_7aevhpv550qoeqsbuqm7dg00000000.PDF,ORIG,8,1,8,
82911085_SC_INVOICE_7yxgigaf7kaksvt_4oklza00000000.PDF,INVOICE,1,1,1,82911085_ORG_7aevhpv550qoeqsbuqm7dg00000000.PDF
82911085_SC_PACKING LIST_qu6fxgak+ki4g7mjgpibig00000000.PDF,PACKING LIST,7,2,8,82911085_ORG_7aevhpv550qoeqsbuqm7dg00000000.PDF
81911950_ORG_axzv4m88xe2dajuqwfrqdw00000000.PDF,ORIG,,1,,
81911950_SC_OTHER_2fvdbvtko0kopgd4xteuuq00000000.PDF,OTHER,4,1,4,81911950_ORG_axzv4m88xe2dajuqwfrqdw00000000.PDF
81913396_ORG_hj_r84m3i0mzitngamgdda00000000.PDF,ORIG,,1,,
81913396_SC_OTHER_n1j88powxkeyff4tyztedw00000000.PDF,OTHER,3,1,3,81913396_ORG_hj_r84m3i0mzitngamgdda00000000.PDF
82913207_ORG_cw7c+wjpw0gwgzrvhas_xw00000000.PDF,ORIG,,1,,
82913207_SC_OTHER_8ylzf0bkykmhwy8pmtjd+g00000000.PDF,OTHER,4,1,4,82913207_ORG_cw7c+wjpw0gwgzrvhas_xw00000000.PDF
81913839_ORG_tfpgak3n_ue5i9mnpxth1a00000000.PDF,ORIG,,1,,
81913839_SC_INVOICE_xpd1eb2omkupi6uvnff27q00000000.PDF,INVOICE,2,1,2,81913839_ORG_tfpgak3n_ue5i9mnpxth1a00000000.PDF
81913839_ORG_aa7bwjb2ceopxdhd6ohj9a00000000.PDF,ORIG,,1,,
81913839_SC_BOL_9nitrir7decugyjxm3dkga00000000.PDF,BOL,2,1,2,81913839_ORG_aa7bwjb2ceopxdhd6ohj9a00000000.PDF
81913839_ORG_5ipciv3m_kkgmpa6fytbia00000000.PDF,ORIG,,1,,
81913839_SC_PACKING LIST_fnyamem_buutt121snvr1a00000000.PDF,PACKING LIST,3,1,3,81913839_ORG_5ipciv3m_kkgmpa6fytbia00000000.PDF
82907008_ORG_xybr_wlgckgwv_jvm2vxpq00000000.PDF,ORIG,,1,,
82907008_SC_OTHER_hnbuqh_cz0c_zbqdczfaya00000000.PDF,OTHER,1,1,1,82907008_ORG_xybr_wlgckgwv_jvm2vxpq00000000.PDF
82907007_ORG_zxaiwppg0e2t3nmptaj2eq00000000.PDF,ORIG,,1,,
82907007_SC_OTHER_jlggvae_6eqbierazlfvzq00000000.PDF,OTHER,1,1,1,82907007_ORG_zxaiwppg0e2t3nmptaj2eq00000000.PDF
82913842_ORG_+nusvgo660uqbmlbq6rnma00000000.PDF,ORIG,,1,,
82913842_SC_PACKING LIST_bwaun5nvhkqoe8gukkbj+w00000000.PDF,PACKING LIST,1,1,1,82913842_ORG_+nusvgo660uqbmlbq6rnma00000000.PDF
82913842_ORG_rh9akrmjsk65txmc_x6yba00000000.PDF,ORIG,,1,,
82913842_SC_INVOICE_k1tcgb4dxu+zczd9oqdscq00000000.PDF,INVOICE,1,1,1,82913842_ORG_rh9akrmjsk65txmc_x6yba00000000.PDF
82913842_ORG_u6t78kw2aum82qx